"Path","Platform","Compiled","Cooked","Permutations","Compiletime","CompiledDouble","CookedDouble"
"/Game/Misoten/Assets/Postprocess/Material/NewMaterial1.NewMaterial1","0","4","4","1","2.669730","0","6"
"/Game/Misoten/Assets/Postprocess/Material/NewMaterial.NewMaterial","0","5","5","1","5.484645","0","7"
"/MeshModelingToolset/Materials/M_DynamicMeshComponentVtxColor.M_DynamicMeshComponentVtxColor","0","0","20","1","0.000000","0","0"
"/Engine/EngineDebugMaterials/DebugEditorMaterial.DebugEditorMaterial","0","0","8","1","0.000000","0","0"
"/Engine/EngineMaterials/NaniteHiddenSectionMaterial.NaniteHiddenSectionMaterial","0","0","29","1","0.000000","0","0"
"/Engine/EditorMaterials/PhAT_NoCollisionMaterial.PhAT_NoCollisionMaterial","0","0","3","1","0.000000","0","0"
"/Engine/EditorMaterials/PhAT_UnselectedMaterial.PhAT_UnselectedMaterial","0","0","3","1","0.000000","0","0"
"/Engine/EngineMaterials/GizmoMaterial.GizmoMaterial","0","0","8","1","0.000000","0","0"
"/Engine/EngineDebugMaterials/DebugMeshMaterial.DebugMeshMaterial","0","0","5","1","0.000000","0","0"
"/Engine/EngineMaterials/RemoveSurfaceMaterial.RemoveSurfaceMaterial","0","0","4","1","0.000000","0","0"
"/Engine/EngineDebugMaterials/M_SimpleUnlitTranslucent.M_SimpleUnlitTranslucent","0","0","3","1","0.000000","0","0"
"/Engine/EditorMaterials/Camera/CineMat.CineMat","0","0","26","1","0.000000","0","0"
"/ControlRig/Controls/ControlRigXRayMaterial.ControlRigXRayMaterial","0","0","9","1","0.000000","0","0"
"/Engine/EditorLandscapeResources/SplineEditorMeshMat.SplineEditorMeshMat","0","0","14","1","0.000000","0","0"
"/Engine/VREditor/TransformGizmo/Xray.Xray","0","0","14","1","0.000000","0","0"
"/Engine/VREditor/TransformGizmo/Main.Main","0","0","3","1","0.000000","0","0"
"/Engine/EngineMaterials/DefaultLightFunctionMaterial.DefaultLightFunctionMaterial","0","0","36","1","0.000000","0","0"
"/Engine/VREditor/TransformGizmo/TranslucentTransformGizmoMaterial.TranslucentTransformGizmoMaterial","0","0","3","1","0.000000","0","0"
"/ControlRig/Controls/ControlRigGizmoMaterial.ControlRigGizmoMaterial","0","0","4","1","0.000000","0","0"
"/Engine/BasicShapes/BasicShapeMaterial.BasicShapeMaterial","0","0","67","1","0.000000","0","0"
"/Niagara/DefaultAssets/DefaultSpriteMaterial.DefaultSpriteMaterial","0","0","35","1","0.000000","0","0"
"/Engine/EngineSky/M_SimpleSkyDome.M_SimpleSkyDome","0","0","4","1","0.000000","0","0"
"/Game/Misoten/Assets/Models/MainCharaAssets/MainChara_Materials/M_MainCharacter_LeftEye.M_MainCharacter_LeftEye","0","54","1","1","59.134392","0","1315"
"/Game/Misoten/Assets/Models/BackGround/BG_Material_Texture/TX_Dot_Mat.TX_Dot_Mat","0","18","1","1","26.650764","0","175"
"/Game/Misoten/Assets/Models/BackGround/BG_ActerBP/LightAssets/M_DotLight.M_DotLight","0","40","1","1","62.288090","0","846"
"/Game/Misoten/Assets/Models/BackGround/Kamada_Model/BG_BuildingMesh/M_Flash_GRP/M_Flash_Purple.M_Flash_Purple","0","3","1","1","4.014226","0","8"
"/Game/Misoten/Assets/Models/BackGround/BG_Material_Texture/M_FenceConcrete.M_FenceConcrete","0","14","1","1","15.672716","0","118"
"/Game/Misoten/Assets/EFF/EFF_Explosion_v2/lambert1.lambert1","0","14","1","1","0.000000","0","118"
"/Game/Misoten/Assets/Models/BackGround/BG_Material_Texture/M_Decal_Grafiti.M_Decal_Grafiti","0","21","1","1","28.222233","0","241"
"/Game/Misoten/Assets/Models/BackGround/BG_ActerBP/LightAssets/M_DotLight_Flash.M_DotLight_Flash","0","40","1","1","65.673904","0","812"
"/Game/Misoten/Assets/Models/BackGround/Kamada_Model/BG_BuildingMesh/M_Flash_GRP/M_Flash_Pink.M_Flash_Pink","0","3","1","1","0.000000","0","8"
"/Game/Misoten/Assets/Models/BackGround/Kamada_Model/BG_BuildingMesh/M_Flash_GRP/M_Flash_Green.M_Flash_Green","0","3","1","1","0.000000","0","8"
"/Game/Misoten/Assets/Models/BackGround/Kamada_Model/BG_BuildingMesh/M_Flash_GRP/M_Flash_DarkBlue.M_Flash_DarkBlue","0","3","1","1","0.000000","0","8"
"/Game/Misoten/Assets/Models/BackGround/Kamada_Model/BG_BuildingMesh/M_Flash_GRP/M_Flash.M_Flash","0","3","1","1","0.000000","0","8"
"/Game/Misoten/Assets/Models/BackGround/Kamada_Model/BG_BuildingMesh/M_Building_BaseColor.M_Building_BaseColor","0","23","1","1","10.954672","0","298"
"/Game/Misoten/Assets/Models/BackGround/Kamada_Model/BG_BrightCube/M_BrightCube_Light.M_BrightCube_Light","0","14","1","1","16.729977","0","118"
"/Game/Misoten/Assets/UI/UI_Texture/SelectUI/M_UI_LevelNorma.M_UI_LevelNorma","0","10","1","1","5.726942","0","57"
"/Game/Misoten/Assets/Models/BackGround/Kamada_Model/BG_BrightCube/M_BrightCube_Inside.M_BrightCube_Inside","0","14","1","1","16.160772","0","118"
"/Game/Misoten/Assets/Models/BackGround/Kamada_Model/BG_BrightCube/M_BrightCube_Flame.M_BrightCube_Flame","0","14","1","1","0.000000","0","118"
"/Game/Misoten/Assets/Models/BackGround/BG_Material_Texture/lambert1.lambert1","0","23","1","1","0.000000","0","298"
"/Game/Misoten/Assets/EFF/Distortion/lambert1.lambert1","0","14","1","1","0.000000","0","118"
"/Game/Misoten/Assets/UI/UI_Texture/ResultUI/M_UI_Result_TimeWindow.M_UI_Result_TimeWindow","0","10","1","1","5.860673","0","64"
"/Game/Misoten/Assets/UI/UI_Texture/ResultUI/M_UI_Result_GetItemWindow_White.M_UI_Result_GetItemWindow_White","0","10","1","1","6.194355","0","64"
"/Game/Misoten/Assets/Models/BackGround/BG_Material_Texture/Grafiti/Grafiti_v2/NewMaterial.NewMaterial","0","21","2","1","139.770172","0","71"
"/Game/Misoten/Assets/Postprocess/Material/M_CellShader.M_CellShader","0","4","1","1","9.294692","0","11"
"/Game/Misoten/Assets/Models/BackGround/BG_Mesh/lightAngleShader2.lightAngleShader2","0","14","1","1","0.000000","0","118"
"/Game/Misoten/Assets/EFF/TrailEffect/lambert1.lambert1","0","14","1","1","0.000000","0","118"
"/Game/Misoten/Assets/UI/UI_Texture/ResultUI/M_UI_Result_ComplateIcon.M_UI_Result_ComplateIcon","0","10","1","1","0.000000","0","64"
"/Game/Misoten/Assets/Models/Enemy/Crow/M_Crow.M_Crow","0","26","1","1","30.676928","0","329"
"/Game/Misoten/Assets/Models/BackGround/BG_Material_Texture/M_Fence.M_Fence","0","58","1","1","92.485603","0","1523"
"/Game/Misoten/Assets/Models/BackGround/BG_Mesh/lightAngleShader1.lightAngleShader1","0","14","1","1","0.000000","0","118"
"/Game/Misoten/Assets/Models/BackGround/BG_Mesh/lambert8.lambert8","0","14","1","1","0.000000","0","118"
"/Game/Misoten/Assets/UI/UI_Texture/ResultUI/M_UI_Result_AchieveWindow_White.M_UI_Result_AchieveWindow_White","0","10","1","1","0.000000","0","64"
"/Game/Misoten/Assets/UI/UI_Texture/ResultRankingUI/M_UI_Ranking_RanBer.M_UI_Ranking_RanBer","0","10","1","1","8.639539","0","64"
"/Game/Misoten/Assets/Models/BackGround/BG_Mesh/lambert7.lambert7","0","14","1","1","0.000000","0","118"
"/Game/Misoten/Assets/Models/BackGround/BG_Mesh/lambert2.lambert2","0","14","1","1","0.000000","0","118"
"/Game/Misoten/Assets/Models/BackGround/BG_Mesh/lambert11.lambert11","0","14","1","1","0.000000","0","118"
"/Game/Misoten/Assets/Models/BackGround/BG_Mesh/lambert10.lambert10","0","14","1","1","0.000000","0","118"
"/Game/Misoten/Assets/Models/BackGround/BG_Mesh/lambert1.lambert1","0","26","1","1","18.431377","0","288"
"/Game/Misoten/Assets/UI/UI_Texture/MenuUI/M_UI_WarningButton.M_UI_WarningButton","0","10","1","1","7.281707","0","51"
"/Game/Misoten/Assets/Models/BossPanda/M_BossPanda_Bike.M_BossPanda_Bike","0","54","2","1","58.713909","0","731"
"/Game/Misoten/Assets/Models/BackGround/BG_Material_Texture/M_Decal_Scratch_01.M_Decal_Scratch_01","0","21","1","1","27.060299","0","182"
"/Game/Misoten/Assets/UI/UI_Texture/MenuUI/M_UI_Menu_Button_Focus.M_UI_Menu_Button_Focus","0","10","1","1","7.006897","0","36"
"/Game/Misoten/Assets/UI/UI_Texture/TriggerUI/M_UI_Lightning.M_UI_Lightning","0","10","1","1","6.294835","0","49"
"/Game/Misoten/Assets/UI/UI_Texture/SelectUI/M_UI_Select_MaskBoard.M_UI_Select_MaskBoard","0","22","2","1","16.089945","0","202"
"/Game/Misoten/Assets/Models/BossPanda/M_BossPanda_01.M_BossPanda_01","0","54","1","1","0.000000","0","1315"
"/Game/Misoten/Assets/Models/BG_TestAsset/M_LightMesh.M_LightMesh","0","18","1","1","25.815716","0","173"
"/Game/Misoten/Assets/Models/BG_TestAsset/lightAngleShader1.lightAngleShader1","0","14","1","1","0.000000","0","118"
"/Game/Misoten/Assets/UI/UI_Texture/MainUI/M_UI_Lightning.M_UI_Lightning","0","10","1","1","0.000000","0","49"
"/Game/Misoten/Assets/UI/UI_Texture/MainUI/M_Number.M_Number","0","10","1","1","5.934868","0","41"
"/Game/Misoten/Assets/Seqence/TX_TeamRogo_Tmp_Mat.TX_TeamRogo_Tmp_Mat","0","21","2","1","0.000000","0","71"
"/Game/Misoten/Assets/Models/BossPanda/M_BossPanda_Third.M_BossPanda_Third","0","26","1","1","31.502907","0","231"
"/Game/Misoten/Assets/Models/BossPanda/M_BossPanda_Second.M_BossPanda_Second","0","26","1","1","0.000000","0","231"
"/Game/Misoten/Assets/Models/BG_TestAsset/lightAngleShader.lightAngleShader","0","14","1","1","0.000000","0","118"
"/Game/Misoten/Assets/Models/BG_TestAsset/lambert1.lambert1","0","14","1","1","0.000000","0","118"
"/Game/Misoten/Assets/Postprocess/Material/M_PostProcess_Night.M_PostProcess_Night","0","4","1","1","2.240839","0","13"
"/Game/Misoten/Assets/Models/BossPanda/M_BossPanda_First.M_BossPanda_First","0","26","1","1","0.000000","0","216"
"/Game/Misoten/Assets/Models/BackGround/Kamada_Model/Test_MS/Test_Material.Test_Material","0","14","1","1","15.572294","0","105"
"/Game/Misoten/Assets/Models/BackGround/Kamada_Model/BG_TrafficLight/M_TrafficLight_TopLight.M_TrafficLight_TopLight","0","3","1","1","4.133761","0","8"
"/Game/Misoten/Assets/EFF/EFF_Sighboard/M_Sighboard_C_Flame.M_Sighboard_C_Flame","0","3","1","1","5.055717","0","8"
"/Game/Misoten/Assets/Models/Proto_CharaAssets/Material_Textures/M_CharaFace.M_CharaFace","0","36","1","1","51.450699","0","380"
"/Game/Misoten/Assets/Models/BackGround/Kamada_Model/BG_TrafficLight/M_TrafficLight_BottomLight.M_TrafficLight_BottomLight","0","3","1","1","0.000000","0","8"
"/Game/Misoten/Assets/Models/BackGround/Kamada_Model/BG_TrafficLight/M_TrafficLight_Body.M_TrafficLight_Body","0","14","1","1","0.000000","0","118"
"/Game/Misoten/Assets/Models/BackGround/Kamada_Model/BG_Sighboard_SurpriseMark/M_Sighboard_SurpriseMark_Back.M_Sighboard_SurpriseMark_Back","0","26","1","1","35.164413","0","326"
"/Game/Misoten/Assets/Models/BG_TestAsset/lambert3.lambert3","0","20","1","1","0.000000","0","215"
"/Game/Misoten/Assets/Models/BackGround/Kamada_Model/BG_Sighboard_SurpriseMark/M_Sighboard_SurpriseMark_Mark.M_Sighboard_SurpriseMark_Mark","0","3","1","1","4.013047","0","8"
"/Game/Misoten/Assets/Models/BackGround/Kamada_Model/BG_Sighboard_NoEntry/M_Sighboard_NoEntry_Back.M_Sighboard_NoEntry_Back","0","26","1","1","0.000000","0","301"
"/Game/Misoten/Assets/Models/BackGround/Kamada_Model/BG_Sighboard_D/M_Sighboard_D_Arrow.M_Sighboard_D_Arrow","0","5","1","1","5.630244","0","19"
"/Game/Misoten/Assets/Models/BackGround/Kamada_Model/BG_Sighboard_NoEntry/M_Sighboard_NoEntry_Mark.M_Sighboard_NoEntry_Mark","0","3","1","1","3.361953","0","8"
"/Game/Misoten/Assets/Models/BackGround/Kamada_Model/BG_Sighboard_NoEntry/M_Sighboard_NoEntry_Line.M_Sighboard_NoEntry_Line","0","5","1","1","5.234548","0","16"
"/Game/Misoten/Assets/Models/BackGround/Kamada_Model/BG_Sighboard_F/M_Sighboard_F_Back.M_Sighboard_F_Back","0","23","1","1","34.667568","0","144"
"/Game/Misoten/Assets/Models/BackGround/Kamada_Model/BG_Sighboard_F/M_Sighboard_F_Arrow.M_Sighboard_F_Arrow","0","3","1","1","3.427819","0","8"
"/Game/Misoten/Assets/Models/BackGround/Kamada_Model/BG_Pipe/M_Pipe.M_Pipe","0","14","1","1","0.000000","0","118"
"/Game/Misoten/Assets/Models/BackGround/Kamada_Model/BG_LightBar_Loop/M_LightBar.M_LightBar","0","7","1","1","6.729199","0","41"
"/Game/Misoten/Assets/Models/BackGround/Kamada_Model/BG_LightBar/M_LightBar.M_LightBar","0","14","1","1","0.000000","0","118"
"/Game/Misoten/Assets/Models/BackGround/Kamada_Model/BG_BuildingMesh/M_Flash_GRP/M_Flash_White.M_Flash_White","0","3","1","1","0.000000","0","8"
"/Game/Misoten/Assets/Models/BackGround/Kamada_Model/BG_BuildingMesh/M_Flash_GRP/M_Flash_ThinPurple.M_Flash_ThinPurple","0","5","1","1","6.597036","0","15"
"/Game/Misoten/BP/Misoten_Enemy/Enemy/tornado/M_Crow.M_Crow","0","26","1","1","0.000000","0","329"
"/Game/Misoten/Assets/Models/MainCharaAssets/MainChara_Materials/M_Model_Bike1.M_Model_Bike1","0","26","1","1","0.000000","0","203"
"/Game/Misoten/Assets/Models/MainCharaAssets/MainChara_Materials/M_MainCharacter_Body.M_MainCharacter_Body","0","54","1","1","72.227676","0","631"
"/Game/Misoten/Assets/Models/BackGround/Kamada_Model/BG_Sighboard_E/M_Sighboard_E_Back.M_Sighboard_E_Back","0","23","1","1","0.000000","0","144"
"/Game/Misoten/Assets/Models/BackGround/BG_Material_Texture/M_TempTownSilhouetto.M_TempTownSilhouetto","0","23","1","1","0.000000","0","298"
"/Game/Misoten/Assets/Models/MainCharaAssets/MainChara_Materials/M_MainCharacter_RightEye.M_MainCharacter_RightEye","0","54","1","1","0.000000","0","1315"
"/Game/Misoten/Assets/Models/BackGround/Kamada_Model/BG_Sighboard_E/M_Sighboard_E_Arrow.M_Sighboard_E_Arrow","0","3","1","1","0.000000","0","8"
"/Game/Misoten/Assets/Models/BackGround/Kamada_Model/BG_Sighboard_D/M_Sighboard_D_Back.M_Sighboard_D_Back","0","17","1","1","24.318760","0","88"
"/Engine/EngineDebugMaterials/M_VolumeRenderSphereTracePP.M_VolumeRenderSphereTracePP","0","0","4","1","0.000000","0","0"
"/Engine/EngineMaterials/EmissiveMeshMaterial.EmissiveMeshMaterial","0","0","5","1","0.000000","0","0"
"/Engine/EngineMaterials/FlattenMaterial_WS_Normal_VT.FlattenMaterial_WS_Normal_VT","0","0","35","1","0.000000","0","0"
"/Engine/EngineMaterials/FlattenMaterial_VT.FlattenMaterial_VT","0","0","35","1","0.000000","0","0"
"/Engine/EngineMaterials/FlattenMaterial.FlattenMaterial","0","0","35","1","0.000000","0","0"
"/Engine/EngineMaterials/M_InvalidLightmapSettings.M_InvalidLightmapSettings","0","0","28","1","0.000000","0","0"
"/Engine/EngineMaterials/PhAT_JointLimitMaterial.PhAT_JointLimitMaterial","0","0","9","1","0.000000","0","0"
"/ControlRig/M_Manip.M_Manip","0","0","9","1","0.000000","0","0"
"/Paper2D/DefaultSpriteMaterial.DefaultSpriteMaterial","0","0","60","3","0.000000","0","0"
"/Engine/EngineMaterials/WorldGridMaterial.WorldGridMaterial","0","0","677","1","0.000000","0","0"
"/Engine/VREditor/TransformGizmo/TransformGizmoMaterial.TransformGizmoMaterial","0","0","4","1","0.000000","0","0"
"/Engine/EngineMaterials/Widget3DPassThrough.Widget3DPassThrough","0","0","58","6","0.000000","0","3"
"/Engine/EngineMaterials/DefaultPostProcessMaterial.DefaultPostProcessMaterial","0","0","6","1","0.000000","0","0"
"/Engine/EngineMaterials/DefaultDeferredDecalMaterial.DefaultDeferredDecalMaterial","0","0","87","1","0.000000","0","0"
"/Engine/EngineMaterials/DefaultMaterial.DefaultMaterial","0","0","127","1","0.000000","0","0"
"/Engine/EngineMaterials/DefaultTextMaterialOpaque.DefaultTextMaterialOpaque","0","0","31","1","0.000000","0","0"
"/Game/Misoten/Assets/UI/UI_Texture/UIFonts/M_UI_NumberAsset_Mat.M_UI_NumberAsset_Mat","0","10","1","1","8.335178","0","29"
"/Game/Misoten/Assets/Models/BackGround/Kamada_Model/BG_BuildingMesh/M_Building_Emissive.M_Building_Emissive","0","23","1","1","26.364080","0","144"
"/Game/Misoten/Assets/UI/UI_Texture/TriggerUI/M_UI_Trigger_RB.M_UI_Trigger_RB","0","10","1","1","7.329576","0","36"
"/Game/Misoten/Assets/UI/UI_Texture/SelectUI/M_UI_SelectIcon_A.M_UI_SelectIcon_A","0","10","1","1","5.635565","0","41"
"/Game/Misoten/Assets/UI/UI_Texture/SelectUI/M_UI_MenuButton.M_UI_MenuButton","0","10","1","1","0.000000","0","41"
"/Game/Misoten/Assets/UI/UI_Texture/ResultUI/TX_UI_Result_Ster_Mat1.TX_UI_Result_Ster_Mat1","0","10","1","1","0.000000","0","41"
"/Game/Misoten/Assets/UI/UI_Texture/ResultUI/TX_UI_Result_Ster_Mat.TX_UI_Result_Ster_Mat","0","10","1","1","0.000000","0","41"
"/Game/Misoten/Assets/UI/UI_Texture/ResultUI/M_UI_Result_Check.M_UI_Result_Check","0","10","1","1","0.000000","0","41"
"/Game/Misoten/Assets/UI/UI_Texture/ResultUI/M_UI_Result_Maker.M_UI_Result_Maker","0","10","1","1","5.506047","0","42"
"/Game/Misoten/Assets/UI/UI_Texture/RankingUI/M_UI_Ranking_Tag.M_UI_Ranking_Tag","0","10","1","1","0.000000","0","41"
"/Game/Misoten/Assets/UI/UI_Texture/RankingUI/MI_UI_Ranking_Tag.MI_UI_Ranking_Tag","0","10","1","1","0.000000","0","41"
"/Game/Misoten/Assets/UI/UI_Texture/MenuUI/M_UI_Menu_Icon.M_UI_Menu_Icon","0","10","1","1","0.000000","0","41"
"/Game/Misoten/BP/Misoten_Enemy/Crow_Assets/Material_Crow/M_CrowColor.M_CrowColor","0","52","27","2","128.547806","0","266"
"/Game/Misoten/BP/Misoten_Enemy/Enemy/Throw/model/M_Crow_Spray_Right_Eye.M_Crow_Spray_Right_Eye","0","36","1","1","53.282990","0","408"
"/Game/Misoten/BP/Misoten_Enemy/Enemy/Throw/model/M_Crow_Spray_Left_Eye.M_Crow_Spray_Left_Eye","0","36","1","1","0.000000","0","408"
"/Game/Misoten/Assets/Models/Enemy/Crow_Thander/M_Crow_Thunder_Right_Eye1.M_Crow_Thunder_Right_Eye1","0","36","1","1","0.000000","0","408"
"/Game/Misoten/Assets/Models/Enemy/Crow_Thander/M_Crow_Thunder_Left_Eye.M_Crow_Thunder_Left_Eye","0","36","1","1","0.000000","0","408"
"/Game/Misoten/Assets/Models/Enemy/Crow_Spray/M_Crow_Spray_Right_Eye.M_Crow_Spray_Right_Eye","0","36","1","1","0.000000","0","408"
"/Game/Misoten/Assets/Models/Enemy/Crow_Spray/M_Crow_Spray_Left_Eye.M_Crow_Spray_Left_Eye","0","36","1","1","0.000000","0","408"
"/Engine/EngineMaterials/PPM_DefaultCalibrationGrayscale.PPM_DefaultCalibrationGrayscale","0","0","4","1","0.000000","0","0"
"/Engine/EngineMaterials/PPM_DefaultCalibrationColor.PPM_DefaultCalibrationColor","0","0","4","1","0.000000","0","0"
"/Engine/EditorMaterials/PreviewShadowIndicatorMaterial.PreviewShadowIndicatorMaterial","0","0","36","1","0.000000","0","0"
"/Engine/EngineSky/M_Sky_Panning_Clouds2.M_Sky_Panning_Clouds2","0","0","4","1","0.000000","0","0"
"/Engine/VREditor/SnapGrid/SnapGridMaterial.SnapGridMaterial","0","0","10","1","0.000000","0","0"
"/Engine/EngineSky/VolumetricClouds/m_SimpleVolumetricCloud.m_SimpleVolumetricCloud","0","0","68","1","0.000000","0","0"
"/Game/Misoten/Assets/EFF/Distortion/M_Lightning.M_Lightning","0","32","20","1","155.759750","0","293"
"/Game/Misoten/Assets/EFF/Toon_Hit/M_Lightning.M_Lightning","0","32","20","1","0.000000","0","293"
"/Game/Misoten/Assets/EFF/Hit/M_Glow.M_Glow","0","32","2","1","0.000000","0","313"
"/Game/Misoten/Assets/EFF/EFF_TireLightning/M_Lightning.M_Lightning","0","9","9","1","53.238056","0","11"
"/Game/Misoten/Assets/EFF/EFF_Explosion_v3/M_Toon_Smoke.M_Toon_Smoke","0","10","1","1","50.012245","0","29"
"/Game/Misoten/Assets/EFF/EFF_Explosion_v2/M_Swirl_Noise.M_Swirl_Noise","0","29","31","1","79.442863","0","31"
"/Game/Misoten/Assets/EFF/EFF_Parabola/M_Squea_White.M_Squea_White","0","6","6","1","7.267466","0","7"
"/Game/Misoten/Assets/EFF/EFF_TireLightning_v3/M_Squea_White.M_Squea_White","0","6","6","1","0.000000","0","7"
"/Game/Misoten/Assets/EFF/EFF_TireLightning_v3/M_Lightning1.M_Lightning1","0","9","9","1","0.000000","0","11"
"/Interchange/gltf/M_Unlit.M_Unlit","0","0","66","6","0.000000","0","0"
"/SpeedTreeImporter/SpeedTree9/SpeedTreeBillboardMaster.SpeedTreeBillboardMaster","0","0","62","1","0.000000","0","0"
"/SpeedTreeImporter/SpeedTree9/SpeedTreeMaster.SpeedTreeMaster","0","0","88","1","0.000000","0","0"
"/Interchange/gltf/M_ClearCoat.M_ClearCoat","0","0","140","6","0.000000","0","0"
"/Interchange/gltf/M_Default.M_Default","0","0","140","6","0.000000","0","0"
"/Interchange/gltf/M_SpecularGlossiness.M_SpecularGlossiness","0","0","140","6","0.000000","0","0"
"/Interchange/gltf/M_Transmission.M_Transmission","0","0","50","2","0.000000","0","0"
"/Interchange/gltf/M_Sheen.M_Sheen","0","0","140","6","0.000000","0","0"
"","0","1","0","1","0.000000","168","0"
"/Game/Misoten/Assets/Postprocess/Material/M_CellShader_02.M_CellShader_02","0","4","4","1","13.177570","0","7"
"/NiagaraFluids/Materials/Grid3D/M_RayMarch_Fire_Ramps.M_RayMarch_Fire_Ramps","0","9","9","1","49.573009","9","40"
"/Game/Misoten/Assets/Models/BackGround/BG_Material_Texture/M_Transparent.M_Transparent","0","29","6","1","38.703625","0","187"
"/NiagaraFluids/Materials/Grid3D/M_DebugVolumeSlice.M_DebugVolumeSlice","0","18","2","2","27.869904","0","66"
"/NiagaraFluids/Materials/Grid3D/M_3DGas_Base.M_3DGas_Base","0","240","97","6","538.225037","0","1672"
"/Game/Misoten/Assets/Models/BackGround/BG_Material_Texture/M_Concrete.M_Concrete","0","65","2","1","87.865082","0","468"
"/Game/Misoten/Assets/Models/BackGround/BG_Material_Texture/M_Ring.M_Ring","0","14","14","1","15.073152","0","21"
"/Game/Misoten/Assets/Models/BackGround/BG_Material_Texture/M_FenceMetal.M_FenceMetal","0","44","9","1","11.768871","0","829"
"/Game/Misoten/Assets/Models/BackGround/BG_Material_Texture/M_ConLight.M_ConLight","0","18","18","1","23.962858","0","26"
"/Game/Misoten/Assets/Models/BackGround/BG_Material_Texture/M_BG_Outline.M_BG_Outline","0","17","2","1","15.805809","0","47"
"/Game/Misoten/Assets/EFF/EFF_WarningBelt_Yellow/M_Plane_Warning_Bar.M_Plane_Warning_Bar","0","5","1","1","4.702683","0","19"
"/Game/Misoten/Assets/EFF/EFF_WarningBelt/M_Plane_Warning_Bar.M_Plane_Warning_Bar","0","5","1","1","0.000000","0","19"
"/Game/Misoten/Assets/EFF/EFF_Tornado/M_FX_Stone1.M_FX_Stone1","0","32","2","1","35.770405","0","389"
"/Game/Misoten/Assets/EFF/EFF_Tornado/M_FX_Stone.M_FX_Stone","0","12","2","1","12.104991","0","74"
"/Game/Misoten/Assets/Models/BackGround/BG_Material_Texture/M_Concrete_addPattern.M_Concrete_addPattern","0","56","1","1","72.327187","0","735"
"/Game/Misoten/Assets/EFF/EFF_LightningAttack/M_Lightning_Dynamic.M_Lightning_Dynamic","0","36","1","1","63.355976","0","342"
"/Game/Misoten/Assets/Models/BackGround/BG_Material_Texture/M_Concrete_addEdge.M_Concrete_addEdge","0","65","7","1","105.347801","0","947"
"/Game/Misoten/Assets/EFF/EFF_Hit_Level_Medium/M_Circle.M_Circle","0","6","4","1","12.955857","0","17"
"/Game/Misoten/Assets/EFF/EFF_Hit_Chase/M_Circle.M_Circle","0","6","4","1","0.000000","0","17"
"/Game/Misoten/Assets/EFF/EFF_Explosion_v2/M_Glow_Dummy.M_Glow_Dummy","0","6","4","1","0.000000","0","17"
"/Game/Misoten/Assets/EFF/EFF_Charging/M_Lightning2.M_Lightning2","0","10","4","1","12.942748","0","48"
"/Game/Misoten/Assets/EFF/EFF_BikeStagger/M_Toon_Smoke.M_Toon_Smoke","0","32","1","1","47.200539","0","304"
"/Game/Misoten/Assets/Postprocess/Material/M_PostProcess_RadiualBlur.M_PostProcess_RadiualBlur","0","4","1","1","2.511903","0","10"
"/Game/Misoten/Assets/EFF/EFF_Angry/M_Toon_Smoke_Tri.M_Toon_Smoke_Tri","0","6","1","1","20.553595","0","26"
"/Game/Misoten/Assets/EFF/EFF_AttackTrail/M_FX_Stone1.M_FX_Stone1","0","32","2","1","0.000000","0","389"
"/Game/Misoten/Assets/EFF/EFF_AttackTrail/M_FX_Stone.M_FX_Stone","0","12","2","1","0.000000","0","74"
"/Game/Misoten/Assets/EFF/FX_JumpAction/M_Circle.M_Circle","0","6","1","1","12.715189","0","17"
"/Game/Misoten/Assets/EFF/FX_Enemy_Disappearance/M_Toon_Smoke.M_Toon_Smoke","0","6","1","1","18.843760","0","17"
"/Game/Misoten/Assets/EFF/EFF_Parabola/M_Toon_Smoke.M_Toon_Smoke","0","6","1","1","0.000000","0","17"
"/Game/Misoten/Assets/EFF/EFF_LightningAttack/M_Toon_Smoke.M_Toon_Smoke","0","6","1","1","0.000000","0","17"
"/Game/Misoten/Assets/EFF/EFF_LightningAttack/M_Lightning_Dynamic_Copy.M_Lightning_Dynamic_Copy","0","36","2","1","109.050835","0","258"
"/Game/Misoten/Assets/EFF/EFF_Enemy_Spawn/M_Toon_Smoke.M_Toon_Smoke","0","6","1","1","0.000000","0","17"
"/Game/Misoten/Assets/EFF/EFF_Angry/M_Toon_Smoke.M_Toon_Smoke","0","6","1","1","0.000000","0","17"
"/Game/Misoten/Assets/EFF/EFF_Throw_TargetPoint/lambert2.lambert2","0","26","2","1","39.866825","0","131"
"/Game/Misoten/Assets/EFF/EFF_Shockwave_Attack/lambert2.lambert2","0","26","2","1","0.000000","0","131"
"/Game/Misoten/Assets/EFF/EFF_Shockwave_Attack/lambert1.lambert1","0","26","2","1","0.000000","0","131"
"/Game/Misoten/Assets/EFF/EFF_Parabola/lambert2.lambert2","0","26","2","1","0.000000","0","127"
"/Game/Misoten/Assets/EFF/EFF_LightningAttack/lambert1.lambert1","0","26","2","1","0.000000","0","127"
"/Game/Misoten/Assets/EFF/EFF_Explosion_v3/lambert1.lambert1","0","26","2","1","0.000000","0","163"
"/Game/Misoten/Assets/EFF/EFF_Confusion/lambert1.lambert1","0","26","2","1","0.000000","0","116"
"/Game/Misoten/Assets/Models/Enemy/Crow_Thander/M_Crow_Thunder.M_Crow_Thunder","0","26","1","1","31.089443","0","189"
"/Game/Misoten/Assets/Models/Enemy/Crow_Spray/M_Crow_Spray.M_Crow_Spray","0","26","1","1","29.996962","0","203"
"/Game/Misoten/Assets/EFF/EFF_WarningBelt_Yellow/M_Plane_Warning_Back.M_Plane_Warning_Back","0","5","1","1","5.130829","0","17"
"/Game/Misoten/Assets/EFF/EFF_WarningBelt_Yellow/M_Plane_Warning_Text.M_Plane_Warning_Text","0","5","1","1","5.147691","0","12"
"/Game/Misoten/Assets/EFF/EFF_WarningBelt_Yellow/M_Plane_Warning_Stripe.M_Plane_Warning_Stripe","0","5","1","1","5.126807","0","19"
"/Game/Misoten/Assets/EFF/EFF_RingClear/M_Glow_Dot.M_Glow_Dot","0","6","1","1","8.173273","0","21"
"/Game/Misoten/Assets/EFF/EFF_RingClear/M_Glow.M_Glow","0","6","1","1","0.000000","0","21"
"/Game/Misoten/Assets/EFF/EFF_Shockwave_Attack/M_Distortion_Donut.M_Distortion_Donut","0","10","1","1","12.090580","0","53"
"/Game/Misoten/Assets/EFF/EFF_Confusion/M_Confusion.M_Confusion","0","15","1","1","17.194489","0","110"
"/Game/Misoten/Assets/EFF/EFF_Axel/lambert1.lambert1","0","5","1","1","5.063743","0","19"
"/Game/Misoten/Assets/EFF/EFF_AttackTrail/M_Tornado.M_Tornado","0","32","2","1","36.867634","0","311"
"/Game/Misoten/Assets/Models/BackGround/BG_Material_Texture/M_DecalLight.M_DecalLight","0","23","1","1","29.315762","0","145"
"/Game/Misoten/Assets/Models/BackGround/BG_ActerBP/LightAssets/M_LightShape.M_LightShape","0","36","1","1","31.633022","0","401"
"/Game/Misoten/Assets/M_PlayerShadow.M_PlayerShadow","0","4","4","1","3.291570","0","5"
"/Game/Misoten/Assets/Models/BackGround/BG_Mesh/M_Concrete02.M_Concrete02","0","14","1","1","0.000000","0","69"
"/Game/Misoten/Assets/EFF/Toon_Shockwave/M_Ring.M_Ring","0","9","1","1","12.265205","0","28"
"/Game/Misoten/Assets/EFF/EFF_WarningBelt/M_Plane_Warning_Chara.M_Plane_Warning_Chara","0","5","1","1","5.092750","0","19"
"/Game/Misoten/Assets/EFF/EFF_WarningBelt/M_Plane_Warning_Back.M_Plane_Warning_Back","0","5","1","1","0.000000","0","17"
"/Game/Misoten/Assets/EFF/EFF_WarningBelt/M_Plane_Warning_Text.M_Plane_Warning_Text","0","5","1","1","0.000000","0","16"
"/Game/Misoten/Assets/EFF/EFF_WarningBelt/M_Plane_Warning_Stripe.M_Plane_Warning_Stripe","0","5","1","1","0.000000","0","19"
"/Game/Misoten/Assets/EFF/EFF_Tornado/M_Tornado.M_Tornado","0","32","1","1","37.140923","0","289"
"/Game/Misoten/Assets/EFF/EFF_RingClear/M_Distortion_Donut.M_Distortion_Donut","0","10","1","1","0.000000","0","60"
"/Game/Misoten/Assets/EFF/EFF_Reflaction_Fail/M_Shockwave_B.M_Shockwave_B","0","6","1","1","0.000000","0","21"
"/Game/Misoten/Assets/EFF/EFF_Reflaction_Fail/M_Shockwave_White.M_Shockwave_White","0","6","1","1","0.000000","0","21"
"/Game/Misoten/Assets/EFF/EFF_Angry/M_AngrySmoke.M_AngrySmoke","0","6","1","1","0.000000","0","21"
"/Game/Misoten/Assets/Models/BackGround/Kamada_Model/BG_Arch/lambert1.lambert1","0","7","1","1","7.276770","0","38"
"/Game/Misoten/Assets/EFF/Toon_Hit/M_Wave_2.M_Wave_2","0","32","1","1","39.912563","0","279"
"/Game/Misoten/Assets/EFF/Toon_Hit/M_Wave.M_Wave","0","32","1","1","38.413826","0","271"
"/Game/Misoten/Assets/EFF/Hit/M_Wave_2.M_Wave_2","0","32","1","1","0.000000","0","271"
"/Game/Misoten/Assets/Models/BackGround/BG_ActerBP/LightAssets/M_LightDecal_Flash.M_LightDecal_Flash","0","23","1","1","37.242355","0","128"
"/Game/Misoten/Assets/Models/BackGround/BG_ActerBP/LightAssets/M_LightDecal.M_LightDecal","0","23","1","1","33.030849","0","115"
"/Game/Misoten/Assets/EFF/Toon_Shockwave/M_Shockwave.M_Shockwave","0","47","1","1","54.013771","0","539"
"/Game/Misoten/Assets/M_OutLine.M_OutLine","0","32","1","1","32.826923","0","368"
"/Game/Misoten/Assets/M_Enemy.M_Enemy","0","44","1","1","53.374142","0","424"
"/Game/Misoten/Assets/EFF/Toon_Shockwave/M_CornWave.M_CornWave","0","47","1","1","52.170555","0","440"
"/Game/Misoten/Assets/EFF/EFF_TireLightning_v3/M_Squea_White_v2.M_Squea_White_v2","0","6","1","1","5.318541","0","26"
"/Game/Misoten/Assets/EFF/EFF_Reflaction_Fail/M_Shockwave_Blue.M_Shockwave_Blue","0","6","1","1","7.880579","0","17"
"/Game/Misoten/Assets/EFF/EFF_Reflaction_Fail/M_Ring_C.M_Ring_C","0","6","1","1","0.000000","0","21"
"/Game/Misoten/Assets/EFF/EFF_Reflaction_Fail/M_Star.M_Star","0","6","1","1","0.000000","0","21"
"/Game/Misoten/Assets/EFF/EFF_Parabola/M_Ring_C_Sprite.M_Ring_C_Sprite","0","15","1","1","17.276579","0","92"
"/Game/Misoten/Assets/EFF/EFF_Angry/M_AngryMark.M_AngryMark","0","6","1","1","0.000000","0","21"
"/Game/Misoten/Assets/EFF/EFF_Acrobat/M_Ster.M_Ster","0","6","1","1","8.170157","0","22"
"/Game/Misoten/Assets/EFF/EFF_Acrobat/M_EFF_Ray_02.M_EFF_Ray_02","0","6","1","1","8.148700","0","26"
"/Game/Misoten/Assets/EFF/EFF_Acrobat/M_EFF_Lightning.M_EFF_Lightning","0","6","1","1","8.046546","0","21"
"/Game/Misoten/Assets/EFF/Distortion/Crash/M_Ster.M_Ster","0","6","1","1","8.015416","0","26"
"/Game/Misoten/Assets/EFF/Distortion/M_Glow.M_Glow","0","6","1","1","8.286604","0","26"
"/Game/Misoten/Assets/EFF/Distortion/M_Distortion.M_Distortion","0","44","1","1","58.959442","0","555"
"/Game/Misoten/Assets/EFF/Hit/M_Wave.M_Wave","0","32","1","1","0.000000","0","271"
"/Game/Misoten/Assets/EFF/WheelMark_Decal/M_Decal_TmpWheel.M_Decal_TmpWheel","0","23","1","1","28.899334","0","127"
"/Game/Misoten/Assets/EFF/WheelMark_Decal/M_Decal_Scratch_01.M_Decal_Scratch_01","0","21","1","1","27.236406","0","125"
"/Game/Misoten/Assets/EFF/Toon_Hit/M_Shockwave.M_Shockwave","0","47","1","1","0.000000","0","539"
"/Game/Misoten/Assets/M_Decal.M_Decal","0","21","1","1","26.696924","0","139"
"/Game/Misoten/Assets/EFF/EFF_TireLightning_v3/M_Squea_White_v3.M_Squea_White_v3","0","6","1","1","7.242648","0","26"
"/Game/Misoten/Assets/EFF/EFF_TireLightning_v3/M_Arrow_Thunder.M_Arrow_Thunder","0","9","1","1","11.381042","0","46"
"/Game/Misoten/Assets/EFF/EFF_LoopAttackUI/M_Circle.M_Circle","0","3","1","1","3.652907","0","8"
"/Game/Misoten/Assets/EFF/EFF_LightningAttack/M_Wave_Glow.M_Wave_Glow","0","9","1","1","12.377772","0","48"
"/Game/Misoten/Assets/EFF/Crash/M_Lay.M_Lay","0","6","1","1","8.314372","0","26"
"/Game/Misoten/Assets/EFF/EFF_Tornado/M_Shockwave.M_Shockwave","0","47","1","1","0.000000","0","539"
"/Game/Misoten/Assets/EFF/Shockwave/M_Shockwave.M_Shockwave","0","47","1","1","0.000000","0","539"
"/Game/Misoten/Assets/M_Bullet.M_Bullet","0","44","1","1","55.086296","0","452"
"/Game/Misoten/Assets/Postprocess/Material/M_Postprocess_Outline_Rainbow.M_Postprocess_Outline_Rainbow","0","4","1","1","2.643914","0","13"
"/Game/Misoten/Assets/Postprocess/Material/M_Postprocess_Outline_Black.M_Postprocess_Outline_Black","0","4","4","1","2.682369","0","4"
"/Game/Misoten/Assets/Models/BotPanda/M_BotPanda_01.M_BotPanda_01","0","14","1","1","0.000000","0","81"
"/Game/Misoten/Assets/Models/BackGround/BG_Mesh/M_Lighting.M_Lighting","0","14","1","1","0.000000","0","81"
"/Game/Misoten/Assets/EFF/Toon_Hit/M_Glow.M_Glow","0","6","1","1","0.000000","0","26"
"/Game/Misoten/Assets/EFF/SpeedLine/M_Wing.M_Wing","0","47","1","1","52.106342","0","507"
"/Game/Misoten/Assets/EFF/EFF_Throw_TargetPoint/M_Wave_Glow_B.M_Wave_Glow_B","0","15","1","1","0.000000","0","92"
"/Game/Misoten/Assets/EFF/EFF_Throw_TargetPoint/M_Wave_Glow.M_Wave_Glow","0","15","1","1","17.286795","0","96"
"/Game/Misoten/Assets/EFF/EFF_LightningAttack/M_Shockwave_B.M_Shockwave_B","0","6","1","1","0.000000","0","17"
"/Game/Misoten/Assets/EFF/EFF_LightningAttack/M_Beam.M_Beam","0","6","1","1","8.638977","0","26"
"/Game/Misoten/Assets/EFF/EFF_Hit_Level_Medium/M_Shockwave_Purple.M_Shockwave_Purple","0","6","1","1","0.000000","0","17"
"/Game/Misoten/Assets/EFF/EFF_Hit_Level_Medium/M_Shockwave_Burn.M_Shockwave_Burn","0","6","1","1","0.000000","0","17"
"/Game/Misoten/Assets/EFF/Crash/M_Ster.M_Ster","0","6","1","1","0.000000","0","26"
"/Game/Misoten/Assets/EFF/EFF_AttackTrail/M_Shockwave.M_Shockwave","0","47","1","1","0.000000","0","539"
"/Game/Misoten/Assets/EFF/Distortion/M_Wave_2.M_Wave_2","0","32","1","1","0.000000","0","279"
"/Game/Misoten/Assets/EFF/FX_Landing/M_Lightning.M_Lightning","0","10","1","1","12.440259","0","64"
"/Game/Misoten/Assets/Models/BackGround/BG_Material_Texture/M_BigLight.M_BigLight","0","14","1","1","0.000000","0","81"
"/Game/Misoten/Assets/EFF/Sparks/M_Circle.M_Circle","0","36","1","1","54.880123","0","285"
"/Game/Misoten/Assets/Models/MainCharaAssets/MainChara_Materials/M_MainCharacter_Body1.M_MainCharacter_Body1","0","54","1","1","56.204239","0","820"
"/Game/Misoten/Assets/EFF/EFF_Throw_TargetPoint/M_Target_Line_B.M_Target_Line_B","0","15","1","1","0.000000","0","92"
"/Game/Misoten/Assets/EFF/EFF_Throw_TargetPoint/M_Target_Line.M_Target_Line","0","15","1","1","0.000000","0","96"
"/Game/Misoten/Assets/EFF/EFF_Hit_Level_Medium/M_Shockwave_White.M_Shockwave_White","0","6","1","1","0.000000","0","21"
"/Game/Misoten/Assets/EFF/EFF_Hit_Level_Medium/M_Cross.M_Cross","0","6","1","1","0.000000","0","17"
"/Game/Misoten/Assets/EFF/Distortion/M_Wave.M_Wave","0","32","1","1","0.000000","0","295"
"/Game/Misoten/Assets/EFF/FX_Enemy_Disappearance/M_Lightning.M_Lightning","0","10","1","1","0.000000","0","64"
"/Game/Misoten/Assets/EFF/EFF_TireLightning_v3/M_Lightning2.M_Lightning2","0","10","1","1","0.000000","0","64"
"/Game/Misoten/Assets/Models/BackGround/BG_Material_Texture/M_DushPanel_Side.M_DushPanel_Side","0","14","1","1","0.000000","0","81"
"/Game/Misoten/Assets/EFF/SmokeToon/M_Clouds_2.M_Clouds_2","0","32","1","1","29.914568","0","308"
"/Game/Misoten/Assets/EFF/EFF_Throw_TargetPoint/M_Target_Cross_B.M_Target_Cross_B","0","15","1","1","0.000000","0","92"
"/Game/Misoten/Assets/EFF/EFF_Throw_TargetPoint/M_Target_Cross.M_Target_Cross","0","15","1","1","0.000000","0","96"
"/Game/Misoten/Assets/EFF/EFF_Throw_Before/M_Cross.M_Cross","0","6","1","1","0.000000","0","21"
"/Game/Misoten/Assets/EFF/EFF_Hit_Level_Medium/M_Triangle_White.M_Triangle_White","0","6","1","1","0.000000","0","21"
"/Game/Misoten/Assets/EFF/EFF_Hit_Level_Medium/M_Dot_Gladetion.M_Dot_Gladetion","0","6","1","1","0.000000","0","21"
"/Game/Misoten/Assets/EFF/EFF_Hit_Level_Low/M_Shockwave_White.M_Shockwave_White","0","6","1","1","0.000000","0","21"
"/Game/Misoten/Assets/EFF/EFF_Hit_Level_High/M_Shockwave_Purple.M_Shockwave_Purple","0","6","1","1","0.000000","0","17"
"/Game/Misoten/Assets/EFF/EFF_LightningAttack/M_White.M_White","0","9","1","1","12.250259","0","53"
"/NiagaraFluids/Materials/Utility/M_SolidParticle.M_SolidParticle","0","6","1","1","7.976977","0","24"
"/Game/Misoten/Assets/Models/Proto_CharaAssets/Material_Textures/M_CharaSkin.M_CharaSkin","0","26","1","1","0.000000","0","216"
"/Game/Misoten/Assets/Models/BackGround/BG_Material_Texture/M_Drum.M_Drum","0","23","1","1","10.908037","0","234"
"/Game/Misoten/Assets/Models/BackGround/BG_Material_Texture/M_CardBoard.M_CardBoard","0","28","1","1","16.746798","0","336"
"/Game/Misoten/Assets/EFF/SmokeToon/M_Clouds.M_Clouds","0","6","2","1","5.385846","0","24"
"/Game/Misoten/Assets/EFF/EFF_Throw_Before/M_Ring.M_Ring","0","6","1","1","0.000000","0","21"
"/Game/Misoten/Assets/EFF/EFF_SurpriseMark/M_SurpriseMark.M_SurpriseMark","0","6","1","1","0.000000","0","17"
"/Game/Misoten/Assets/EFF/EFF_Hit_Level_High/M_Shockwave_Burn.M_Shockwave_Burn","0","6","1","1","0.000000","0","17"
"/Game/Misoten/Assets/EFF/EFF_Hit_Level_High/M_Shockwave_White.M_Shockwave_White","0","6","1","1","0.000000","0","21"
"/Game/Misoten/Assets/EFF/EFF_Hit_Level_High/M_Ring.M_Ring","0","6","1","1","0.000000","0","21"
"/Game/Misoten/Assets/EFF/EFF_Hit_Level_High/M_Cross.M_Cross","0","6","1","1","0.000000","0","17"
"/Game/Misoten/Assets/EFF/EFF_LightningAttack/M_Shockwave_C.M_Shockwave_C","0","9","1","1","12.368838","0","48"
"/Game/Misoten/Assets/EFF/EFF_Sighboard/M_Sighboard_C_Back.M_Sighboard_C_Back","0","23","1","1","26.904531","0","182"
"/Game/Misoten/BP/Misoten_Enemy/model/M_BG_SprayCan.M_BG_SprayCan","0","14","1","1","0.000000","0","81"
"/Game/Misoten/BP/Misoten_Enemy/model/M_BG_ColorCorn.M_BG_ColorCorn","0","14","1","1","0.000000","0","81"
"/Game/Misoten/Assets/Models/Proto_CharaAssets/Material_Textures/M_CharaHair.M_CharaHair","0","26","1","1","0.000000","0","203"
"/Game/Misoten/Assets/Models/BackGround/BG_Material_Texture/M_BG_BigAreaPanel.M_BG_BigAreaPanel","0","14","1","1","0.000000","0","81"
"/Game/Misoten/Assets/EFF/FX_Landing/M_Distortion_Spiral.M_Distortion_Spiral","0","10","1","1","0.000000","0","53"
"/Game/Misoten/Assets/EFF/EFF_Sighboard/M_Sighboard_C_Arrow.M_Sighboard_C_Arrow","0","3","1","1","3.452707","0","8"
"/Game/Misoten/Assets/EFF/EFF_Sighboard/M_Sighboard_A_Back.M_Sighboard_A_Back","0","26","1","1","31.870687","0","207"
"/Game/Misoten/Assets/EFF/EFF_Hit_Level_High/M_Triangle_White.M_Triangle_White","0","6","1","1","0.000000","0","21"
"/Game/Misoten/Assets/EFF/EFF_Hit_Level_High/M_HighLight.M_HighLight","0","6","1","1","0.000000","0","21"
"/Game/Misoten/Assets/EFF/EFF_Hit_Level_High/M_Dot_Gladetion.M_Dot_Gladetion","0","6","1","1","0.000000","0","21"
"/Game/Misoten/Assets/EFF/EFF_LightningAttack/M_Lightning.M_Lightning","0","36","1","1","65.231308","0","421"
"/Game/Misoten/Assets/EFF/EFF_Sighboard/M_Sighboard_B.M_Sighboard_B","0","10","1","1","10.101919","0","55"
"/Game/Misoten/Assets/EFF/EFF_Shockwave_Attack/M_DangerZone.M_DangerZone","0","10","2","1","10.606300","0","62"
"/Game/Misoten/Assets/Models/BackGround/BG_Material_Texture/M_BG_ColorCorn.M_BG_ColorCorn","0","23","1","1","0.000000","0","234"
"/Game/Misoten/BP/Misoten_Enemy/Enemy/Thunder/model/M_Crow_Thunder_Right_Eye.M_Crow_Thunder_Right_Eye","0","36","1","1","50.862289","0","262"
"/Game/Misoten/BP/Misoten_Enemy/Enemy/Thunder/model/M_Crow_Thunder_Left_Eye.M_Crow_Thunder_Left_Eye","0","36","1","1","0.000000","0","262"
"/Game/Misoten/Assets/Models/Proto_CharaAssets/Material_Textures/M_Bike.M_Bike","0","26","1","1","0.000000","0","203"
"/Game/Misoten/Assets/EFF/FX_Landing/M_Shockwave_White.M_Shockwave_White","0","6","1","1","0.000000","0","21"
"/Game/Misoten/Assets/EFF/FX_JumpAction/M_Ring_B.M_Ring_B","0","6","1","1","0.000000","0","21"
"/Game/Misoten/Assets/EFF/EFF_Sighboard/M_Sighboard_A_Arrow.M_Sighboard_A_Arrow","0","5","1","1","5.189743","0","19"
"/Game/Misoten/Assets/EFF/EFF_Shockwave_Attack/M_Spark.M_Spark","0","15","1","1","0.000000","0","92"
"/Game/Misoten/Assets/EFF/EFF_Shockwave_Attack/M_Shockwave_Big.M_Shockwave_Big","0","10","1","1","0.000000","0","49"
"/Game/Misoten/Assets/EFF/EFF_Hit_Level_High/M_Distortion_Donut.M_Distortion_Donut","0","10","1","1","0.000000","0","60"
"/Game/Misoten/Assets/EFF/EFF_Hit_Chase/M_Shockwave_White.M_Shockwave_White","0","6","1","1","0.000000","0","21"
"/Game/Misoten/Assets/EFF/EFF_LightningAttack/M_Lightning_02.M_Lightning_02","0","10","1","1","0.000000","0","64"
"/Game/Misoten/BP/Misoten_Enemy/Enemy/Thunder/model/M_Crow_Thunder1.M_Crow_Thunder1","0","26","1","1","0.000000","0","189"
"/Game/Misoten/Assets/Models/Proto_CharaAssets/Material_Textures/M_Bat.M_Bat","0","26","1","1","0.000000","0","203"
"/Game/Misoten/Assets/EFF/FX_JumpAction/M_Ring_A.M_Ring_A","0","6","1","1","0.000000","0","21"
"/Game/Misoten/Assets/EFF/EFF_Parabola/M_Ring_A.M_Ring_A","0","6","1","1","0.000000","0","21"
"/Game/Misoten/Assets/EFF/FX_JumpAction/M_Triangle_E.M_Triangle_E","0","6","1","1","0.000000","0","21"
"/Game/Misoten/Assets/EFF/EFF_Shockwave_Attack/M_Shockwave_B.M_Shockwave_B","0","10","1","1","11.876939","0","36"
"/Game/Misoten/Assets/EFF/EFF_Shockwave_Attack/M_Ring.M_Ring","0","15","1","1","0.000000","0","92"
"/Game/Misoten/Assets/EFF/EFF_Shockwave_Attack/M_Shockwave_Stop.M_Shockwave_Stop","0","10","1","1","0.000000","0","49"
"/Game/Misoten/Assets/EFF/EFF_Hit_Chase/M_Triangle_White.M_Triangle_White","0","6","1","1","0.000000","0","21"
"/Game/Misoten/Assets/EFF/EFF_Hit_Chase/M_Dot_Gladetion.M_Dot_Gladetion","0","6","1","1","0.000000","0","21"
"/Game/Misoten/Assets/EFF/EFF_Find/M_FindIcon.M_FindIcon","0","13","1","1","10.090794","0","53"
"/Game/Misoten/Assets/UI/UI_Texture/RankingUI/M_UI_Ranking_BackGround.M_UI_Ranking_BackGround","0","10","1","1","6.195997","0","34"
"/Game/Misoten/Assets/UI/UI_Texture/MainUI/M_UI_ComboGauge.M_UI_ComboGauge","0","10","1","1","6.127254","0","49"
"/Game/Misoten/Assets/Models/BackGround/BG_Material_Texture/M_DushPanel_Decal_02.M_DushPanel_Decal_02","0","23","1","1","30.625154","0","202"
"/Game/Misoten/BP/Misoten_Enemy/Enemy/Throw/model/M_Crow_Spray.M_Crow_Spray","0","26","1","1","0.000000","0","185"
"/Game/Misoten/Assets/Models/Panda/M_Panda_01.M_Panda_01","0","14","1","1","0.000000","0","69"
"/Game/Misoten/Assets/Models/MainCharaAssets/MainChara_Materials/M_Model_Bike.M_Model_Bike","0","26","1","1","0.000000","0","185"
"/Game/Misoten/Assets/EFF/FX_JumpAction/M_Triangle_D.M_Triangle_D","0","6","2","1","8.499290","0","20"
"/Game/Misoten/Assets/EFF/FX_JumpAction/M_Triangle_C.M_Triangle_C","0","6","2","1","0.000000","0","20"
"/Game/Misoten/Assets/EFF/FX_JumpAction/M_Triangle_B.M_Triangle_B","0","6","2","1","0.000000","0","20"
"/Game/Misoten/Assets/EFF/FX_JumpAction/M_Triangle_A.M_Triangle_A","0","6","2","1","0.000000","0","20"
"/Game/Misoten/Assets/EFF/EFF_Shockwave_Attack/M_Shockwave_Big2.M_Shockwave_Big2","0","10","1","1","10.763640","0","43"
"/Game/Misoten/Assets/EFF/EFF_Explosion_v3/M_Ring.M_Ring","0","10","1","1","0.000000","0","36"
"/Game/Misoten/Assets/EFF/EFF_Explosion_v3/M_Glow_Dummy.M_Glow_Dummy","0","6","1","1","0.000000","0","21"
"/Game/Misoten/Assets/EFF/EFF_Explosion_v2/M_Crosswave.M_Crosswave","0","10","1","1","0.000000","0","36"
"/Game/Misoten/Assets/Models/BackGround/BG_Material_Texture/M_DushPanel_Decal02.M_DushPanel_Decal02","0","23","1","1","32.042740","0","149"
"/Game/Misoten/Assets/EFF/FX_JumpAction/M_Star.M_Star","0","6","1","1","0.000000","0","21"
"/Game/Misoten/Assets/EFF/EFF_Shockwave_Attack/M_Shockwave_Big1.M_Shockwave_Big1","0","10","1","1","10.862110","0","29"
"/Game/Misoten/Assets/EFF/EFF_Shockwave_Attack/M_DangerLine.M_DangerLine","0","10","1","1","10.988638","0","34"
"/Game/Misoten/Assets/EFF/EFF_Explosion_v2/M_Burst.M_Burst","0","10","1","1","0.000000","0","36"
"/Game/Misoten/Assets/EFF/EFF_Explosion_v2/M_Glow_Dot.M_Glow_Dot","0","6","1","1","0.000000","0","21"
"/Game/Misoten/Assets/UI/UI_Texture/TriggerUI/M_SpeedLine.M_SpeedLine","0","10","1","1","6.170799","0","56"
"/Game/Misoten/Assets/EFF/SpeedLine_WBP/M_SpeedLine.M_SpeedLine","0","10","1","1","7.660420","0","35"
"/Game/Misoten/Assets/UI/UI_Texture/MainUI/M_HighLight.M_HighLight","0","10","1","1","5.633991","0","52"
"/Game/Misoten/Assets/Models/BackGround/BG_Material_Texture/M_DushPanel_Decal.M_DushPanel_Decal","0","23","1","1","0.000000","0","202"
"/Game/Misoten/Assets/Models/BackGround/BG_Material_Texture/M_DushPanel1.M_DushPanel1","0","14","1","1","18.010157","0","77"
"/Game/Misoten/Assets/EFF/FX_JumpAction/M_Glow_Rainbow.M_Glow_Rainbow","0","6","1","1","8.496871","0","14"
"/Game/Misoten/Assets/EFF/FX_JumpAction/M_Distortion_Donut.M_Distortion_Donut","0","10","3","1","12.251826","0","59"
"/Game/Misoten/Assets/EFF/FX_Enemy_Disappearance/M_Crosswave.M_Crosswave","0","6","1","1","0.000000","0","21"
"/Game/Misoten/Assets/EFF/FX_Enemy_Disappearance/M_Star.M_Star","0","9","2","1","3.749336","0","43"
"/Game/Misoten/Assets/EFF/EFF_ripples/M_Ripples_Circle.M_Ripples_Circle","0","40","1","1","60.532753","0","397"
"/Game/Misoten/Assets/EFF/EFF_Enemy_Spawn/M_Slash.M_Slash","0","10","1","1","0.000000","0","36"
"/Game/Misoten/Assets/EFF/EFF_Enemy_Spawn/M_Shockwave_B.M_Shockwave_B","0","10","1","1","0.000000","0","36"
"/Game/Misoten/Assets/EFF/EFF_DustFlake/M_Triangle.M_Triangle","0","60","1","1","90.603447","0","689"
"/Game/Misoten/Assets/Postprocess/Material/ViewRotade.ViewRotade","0","4","1","1","2.312145","0","11"
"/Game/Misoten/Assets/Models/BackGround/Kamada_Model/BG_Sighboard_SurpriseMark/M_Sighboard_SurpriseMark_Triangle_C.M_Sighboard_SurpriseMark_Triangle_C","0","3","3","1","3.570734","0","4"
"/Game/Misoten/Assets/Models/BackGround/BG_Material_Texture/M_DushPanel.M_DushPanel","0","14","1","1","18.140657","0","80"
"/Game/Misoten/Assets/Models/BackGround/BG_Material_Texture/M_DownPanel.M_DownPanel","0","14","2","1","17.836960","0","92"
"/Game/Misoten/Assets/EFF/Distortion/M_Shockwave.M_Shockwave","0","47","1","1","0.000000","0","539"
"/Game/Misoten/Assets/EFF/FX_Enemy_Disappearance/M_Glow_Dot.M_Glow_Dot","0","6","1","1","0.000000","0","21"
"/Game/Misoten/Assets/EFF/EFF_RingClear/M_Spiral_C.M_Spiral_C","0","6","1","1","0.000000","0","21"
"/Game/Misoten/Assets/EFF/EFF_RingClear/M_Ring_C_Sprite.M_Ring_C_Sprite","0","6","1","1","0.000000","0","21"
"/Game/Misoten/Assets/EFF/EFF_RingClear/M_InsideWave.M_InsideWave","0","6","1","1","0.000000","0","21"
"/Game/Misoten/Assets/EFF/EFF_DustFlake/M_Ster_03.M_Ster_03","0","47","1","1","54.468616","0","587"
"/Game/Misoten/Assets/Models/BackGround/Kamada_Model/BG_Sighboard_SurpriseMark/M_Sighboard_SurpriseMark_Triangle_B.M_Sighboard_SurpriseMark_Triangle_B","0","3","1","1","3.735279","0","8"
"/Game/Misoten/Assets/Models/BackGround/Kamada_Model/BG_Sighboard_SurpriseMark/M_Sighboard_SurpriseMark_Triangle_A.M_Sighboard_SurpriseMark_Triangle_A","0","3","1","1","3.722813","0","8"
"/Game/Misoten/Assets/Models/BackGround/Kamada_Model/BG_Arch_Stripe/M_Arch_Stripe.M_Arch_Stripe","0","17","1","1","16.866079","0","108"
"/Game/Misoten/Assets/UI/UI_Texture/MainUI/M_UI_SpeedMeterGauge_Mat.M_UI_SpeedMeterGauge_Mat","0","10","1","1","6.394406","0","40"
"/Game/Misoten/Assets/Postprocess/Material/M_PostprocessMaterial.M_PostprocessMaterial","0","4","1","1","2.732325","0","13"
"/Game/Misoten/Assets/EFF/EFF_Explosion_v3/M_Swirl_Noise_High.M_Swirl_Noise_High","0","54","1","1","59.357555","0","589"
"/Game/Misoten/Assets/Models/BackGround/BG_Mesh/M_Concrete.M_Concrete","0","14","1","1","0.000000","0","69"
"/Game/Misoten/Assets/EFF/FX_DriftSpark/M_Spark_A.M_Spark_A","0","6","1","1","0.000000","0","21"
"/Game/Misoten/Assets/EFF/FX_DriftSpark/M_Glow_Dot.M_Glow_Dot","0","6","1","1","7.567042","0","21"
"/Game/Misoten/Assets/EFF/FX_DriftSpark/M_Glow.M_Glow","0","6","1","1","0.000000","0","21"
"/Game/Misoten/Assets/EFF/EFF_WarningBelt_Yellow/M_Plane_Warning_Chara.M_Plane_Warning_Chara","0","5","1","1","0.000000","0","19"
"/Game/Misoten/Assets/EFF/EFF_RingClear/M_Ring_E.M_Ring_E","0","6","1","1","0.000000","0","21"
"/Game/Misoten/Assets/EFF/EFF_RingClear/M_Ring_02.M_Ring_02","0","6","1","1","0.000000","0","21"
"/Game/Misoten/Assets/EFF/EFF_Drop/M_Drop.M_Drop","0","6","1","1","0.000000","0","17"
"/Game/Misoten/Assets/EFF/EFF_Confusion/M_Shockwave_White.M_Shockwave_White","0","6","1","1","0.000000","0","21"
"/Game/Misoten/Assets/EFF/EFF_Confusion/M_Star.M_Star","0","6","1","1","0.000000","0","21"
"/Game/Misoten/Assets/Models/BackGround/Kamada_Model/BG_Arch/material/M_Arch.M_Arch","0","42","1","1","46.459251","0","333"
"/Game/Misoten/Assets/EFF/EFF_Explosion_v3/M_Swirl_Noise.M_Swirl_Noise","0","32","5","1","30.977409","0","203"
"/Game/Misoten/Assets/EFF/TrailEffect/M_TrailTest.M_TrailTest","0","20","5","1","23.211939","0","78"
"/NiagaraFluids/Materials/Grid3D/M_RayMarch_Smoke.M_RayMarch_Smoke","0","9","2","1","26.754066","9","50"
"/Game/Misoten/Assets/Postprocess/Material/NewMaterial1.NewMaterial1","49","4","4","1","9.375211","0","7"
"/Game/Misoten/Assets/Postprocess/Material/NewMaterial.NewMaterial","49","5","5","1","20.320721","0","6"
"/Game/Misoten/Assets/Postprocess/Material/M_CellShader.M_CellShader","49","4","1","1","17.962660","0","11"
"/Game/Misoten/Assets/Models/BG_TestAsset/M_LightMesh.M_LightMesh","49","18","1","1","111.486504","0","188"
"/Game/Misoten/Assets/Models/BG_TestAsset/lightAngleShader1.lightAngleShader1","49","14","1","1","32.677689","0","112"
"/Game/Misoten/Assets/Models/BG_TestAsset/lightAngleShader.lightAngleShader","49","14","1","1","0.000000","0","112"
"/Game/Misoten/Assets/Models/BG_TestAsset/lambert1.lambert1","49","14","1","1","0.000000","0","112"
"/Game/Misoten/Assets/Models/BackGround/Kamada_Model/Test_MS/Test_Material.Test_Material","49","14","1","1","11.568295","0","118"
"/Game/Misoten/Assets/Models/BackGround/Kamada_Model/BG_TrafficLight/M_TrafficLight_TopLight.M_TrafficLight_TopLight","49","3","1","1","3.456994","0","8"
"/Game/Misoten/Assets/Models/BackGround/Kamada_Model/BG_TrafficLight/M_TrafficLight_BottomLight.M_TrafficLight_BottomLight","49","3","3","1","14.492040","0","5"
"/Game/Misoten/Assets/Models/BackGround/Kamada_Model/BG_Sighboard_SurpriseMark/M_Sighboard_SurpriseMark_Back.M_Sighboard_SurpriseMark_Back","49","26","1","1","35.736965","0","369"
"/Game/Misoten/Assets/Models/BackGround/Kamada_Model/BG_TrafficLight/M_TrafficLight_Body.M_TrafficLight_Body","49","14","1","1","0.000000","0","112"
"/Game/Misoten/Assets/Models/BackGround/Kamada_Model/BG_Sighboard_NoEntry/M_Sighboard_NoEntry_Back.M_Sighboard_NoEntry_Back","49","26","1","1","0.000000","0","369"
"/Game/Misoten/Assets/Models/BackGround/Kamada_Model/BG_Sighboard_D/M_Sighboard_D_Arrow.M_Sighboard_D_Arrow","49","5","1","1","3.814264","0","19"
"/Game/Misoten/Assets/Models/BackGround/Kamada_Model/BG_LightBar_Loop/M_LightBar.M_LightBar","49","7","3","1","12.299151","0","31"
"/Game/Misoten/Assets/Models/BackGround/Kamada_Model/BG_LightBar/M_LightBar.M_LightBar","49","14","1","1","0.000000","0","112"
"/Game/Misoten/Assets/Models/BackGround/Kamada_Model/BG_BuildingMesh/M_Flash_GRP/M_Flash_White.M_Flash_White","49","3","1","1","3.374734","0","8"
"/Game/Misoten/Assets/Models/BackGround/Kamada_Model/BG_BuildingMesh/M_Flash_GRP/M_Flash_ThinPurple.M_Flash_ThinPurple","49","5","1","1","4.938957","0","19"
"/Game/Misoten/Assets/Models/BackGround/Kamada_Model/BG_Pipe/M_Pipe.M_Pipe","49","14","2","1","38.599869","0","116"
"/Game/Misoten/Assets/Models/BackGround/Kamada_Model/BG_BuildingMesh/M_Flash_GRP/M_Flash_Purple.M_Flash_Purple","49","3","1","1","0.000000","0","8"
"/Game/Misoten/Assets/Models/BackGround/Kamada_Model/BG_BuildingMesh/M_Flash_GRP/M_Flash_Pink.M_Flash_Pink","49","3","1","1","0.000000","0","8"
"/Game/Misoten/Assets/Models/BackGround/Kamada_Model/BG_BuildingMesh/M_Flash_GRP/M_Flash_Green.M_Flash_Green","49","3","1","1","0.000000","0","8"
"/Game/Misoten/Assets/Models/BackGround/Kamada_Model/BG_BuildingMesh/M_Flash_GRP/M_Flash_DarkBlue.M_Flash_DarkBlue","49","3","1","1","0.000000","0","8"
"/Game/Misoten/Assets/Models/BackGround/Kamada_Model/BG_BuildingMesh/M_Flash_GRP/M_Flash.M_Flash","49","3","1","1","0.000000","0","8"
"/Game/Misoten/Assets/Models/BackGround/Kamada_Model/BG_BuildingMesh/M_Building_Emissive.M_Building_Emissive","49","23","2","1","93.365654","0","240"
"/Game/Misoten/Assets/Models/BackGround/Kamada_Model/BG_BuildingMesh/M_Building_BaseColor.M_Building_BaseColor","49","23","1","1","44.792877","0","259"
"/Game/Misoten/Assets/Models/BackGround/Kamada_Model/BG_BrightCube/M_BrightCube_Light.M_BrightCube_Light","49","14","1","1","76.923965","0","57"
"/Game/Misoten/Assets/Models/BackGround/Kamada_Model/BG_BrightCube/M_BrightCube_Inside.M_BrightCube_Inside","49","14","2","1","0.000000","0","116"
"/Game/Misoten/Assets/Models/BackGround/Kamada_Model/BG_BrightCube/M_BrightCube_Flame.M_BrightCube_Flame","49","14","2","1","0.000000","0","116"
"/Game/Misoten/Assets/Models/BackGround/BG_Mesh/lightAngleShader2.lightAngleShader2","49","23","1","1","103.324890","0","242"
"/Game/Misoten/Assets/Models/BackGround/BG_Mesh/lightAngleShader1.lightAngleShader1","49","14","1","1","0.000000","0","112"
"/Game/Misoten/Assets/Models/BackGround/BG_Mesh/lambert8.lambert8","49","23","1","1","0.000000","0","242"
"/Game/Misoten/Assets/Models/BackGround/BG_Mesh/lambert10.lambert10","49","23","1","1","0.000000","0","242"
"/Game/Misoten/Assets/Models/BackGround/BG_Mesh/lambert1.lambert1","49","35","10","1","64.565163","0","445"
"/Game/Misoten/Assets/Models/BackGround/BG_Mesh/lambert7.lambert7","49","23","1","1","0.000000","0","242"
"/Game/Misoten/Assets/Models/BackGround/BG_Mesh/lambert2.lambert2","49","23","1","1","0.000000","0","242"
"/Game/Misoten/Assets/Models/BackGround/BG_Mesh/lambert11.lambert11","49","23","1","1","0.000000","0","242"
"/Game/Misoten/Assets/Models/BackGround/BG_Material_Texture/M_Transparent.M_Transparent","49","29","1","1","64.297951","0","257"
"/Game/Misoten/Assets/Models/BackGround/BG_Material_Texture/M_TempTownSilhouetto.M_TempTownSilhouetto","49","23","1","1","0.000000","0","259"
"/Game/Misoten/Assets/Models/BackGround/BG_Material_Texture/M_Ring.M_Ring","49","23","1","1","69.996277","0","137"
"/Game/Misoten/Assets/Models/BackGround/BG_Material_Texture/M_FenceMetal.M_FenceMetal","49","59","11","1","40.087204","0","950"
"/Game/Misoten/Assets/Models/BackGround/BG_Material_Texture/M_FenceConcrete.M_FenceConcrete","49","14","1","1","0.000000","0","112"
"/Game/Misoten/Assets/Models/BackGround/BG_Material_Texture/M_ConLight.M_ConLight","49","18","1","1","19.060154","0","90"
"/Game/Misoten/Assets/Models/BackGround/BG_Material_Texture/M_BG_Outline.M_BG_Outline","49","19","1","1","16.355167","0","140"
"/Game/Misoten/Assets/Models/BackGround/BG_Material_Texture/lambert1.lambert1","49","23","1","1","0.000000","0","259"
"/Game/Misoten/Assets/EFF/TrailEffect/lambert1.lambert1","49","14","1","1","0.000000","0","112"
"/MeshModelingToolset/Materials/M_DynamicMeshComponentVtxColor.M_DynamicMeshComponentVtxColor","49","0","20","1","0.000000","0","0"
"/Engine/EngineDebugMaterials/DebugEditorMaterial.DebugEditorMaterial","49","0","8","1","0.000000","0","0"
"/Engine/EngineMaterials/NaniteHiddenSectionMaterial.NaniteHiddenSectionMaterial","49","0","31","1","0.000000","0","0"
"/Engine/EditorMaterials/PhAT_NoCollisionMaterial.PhAT_NoCollisionMaterial","49","0","3","1","0.000000","0","0"
"/Engine/EditorMaterials/PhAT_UnselectedMaterial.PhAT_UnselectedMaterial","49","0","3","1","0.000000","0","0"
"/Engine/EngineMaterials/GizmoMaterial.GizmoMaterial","49","0","8","1","0.000000","0","0"
"/Engine/EngineDebugMaterials/DebugMeshMaterial.DebugMeshMaterial","49","0","5","1","0.000000","0","0"
"/Engine/EngineMaterials/RemoveSurfaceMaterial.RemoveSurfaceMaterial","49","0","4","1","0.000000","0","0"
"/Engine/EngineDebugMaterials/M_SimpleUnlitTranslucent.M_SimpleUnlitTranslucent","49","0","3","1","0.000000","0","0"
"/Engine/EditorMaterials/Camera/CineMat.CineMat","49","0","26","1","0.000000","0","0"
"/ControlRig/Controls/ControlRigXRayMaterial.ControlRigXRayMaterial","49","0","9","1","0.000000","0","0"
"/Engine/EditorLandscapeResources/SplineEditorMeshMat.SplineEditorMeshMat","49","0","16","1","0.000000","0","0"
"/Engine/VREditor/TransformGizmo/Xray.Xray","49","0","14","1","0.000000","0","0"
"/Engine/VREditor/TransformGizmo/Main.Main","49","0","3","1","0.000000","0","0"
"/Engine/EngineMaterials/DefaultLightFunctionMaterial.DefaultLightFunctionMaterial","49","0","44","1","0.000000","0","0"
"/Engine/VREditor/TransformGizmo/TranslucentTransformGizmoMaterial.TranslucentTransformGizmoMaterial","49","0","3","1","0.000000","0","0"
"/ControlRig/Controls/ControlRigGizmoMaterial.ControlRigGizmoMaterial","49","0","4","1","0.000000","0","0"
"/Game/Misoten/Assets/EFF/EFF_WarningBelt_Yellow/M_Plane_Warning_Bar.M_Plane_Warning_Bar","49","5","1","1","4.317727","0","13"
"/Game/Misoten/Assets/EFF/EFF_WarningBelt/M_Plane_Warning_Bar.M_Plane_Warning_Bar","49","5","1","1","0.000000","0","13"
"/Game/Misoten/Assets/EFF/EFF_Tornado/M_FX_Stone1.M_FX_Stone1","49","36","2","1","26.333050","0","127"
"/Game/Misoten/Assets/EFF/EFF_Tornado/M_FX_Stone.M_FX_Stone","49","12","1","1","9.384797","0","56"
"/Game/Misoten/Assets/EFF/EFF_Throw_TargetPoint/lambert2.lambert2","49","26","1","1","30.657751","0","220"
"/Game/Misoten/Assets/EFF/EFF_Sighboard/M_Sighboard_C_Back.M_Sighboard_C_Back","49","23","1","1","24.067978","0","206"
"/Game/Misoten/Assets/EFF/EFF_Sighboard/M_Sighboard_C_Flame.M_Sighboard_C_Flame","49","3","3","1","0.000000","0","5"
"/Game/Misoten/Assets/EFF/EFF_Sighboard/M_Sighboard_B.M_Sighboard_B","49","10","1","1","16.959560","0","64"
"/Game/Misoten/Assets/EFF/EFF_Shockwave_Attack/M_DangerZone.M_DangerZone","49","10","1","1","8.967210","0","64"
"/Game/Misoten/Assets/EFF/EFF_Shockwave_Attack/lambert2.lambert2","49","26","1","1","0.000000","0","202"
"/Game/Misoten/Assets/EFF/EFF_Shockwave_Attack/lambert1.lambert1","49","26","1","1","0.000000","0","229"
"/Game/Misoten/Assets/EFF/EFF_Parabola/lambert2.lambert2","49","26","1","1","0.000000","0","223"
"/Game/Misoten/Assets/EFF/EFF_LightningAttack/lambert1.lambert1","49","26","1","1","0.000000","0","235"
"/Game/Misoten/Assets/EFF/EFF_Explosion_v3/lambert1.lambert1","49","26","1","1","0.000000","0","223"
"/Game/Misoten/Assets/EFF/EFF_Explosion_v2/lambert1.lambert1","49","14","1","1","0.000000","0","112"
"/Game/Misoten/Assets/EFF/EFF_AttackTrail/M_FX_Stone1.M_FX_Stone1","49","36","2","1","0.000000","0","127"
"/Game/Misoten/Assets/EFF/EFF_Confusion/lambert1.lambert1","49","26","1","1","0.000000","0","223"
"/Game/Misoten/Assets/EFF/EFF_AttackTrail/M_FX_Stone.M_FX_Stone","49","12","1","1","0.000000","0","51"
"/Game/Misoten/Assets/EFF/Distortion/lambert1.lambert1","49","14","1","1","0.000000","0","112"
"/Game/Misoten/Assets/M_PlayerShadow.M_PlayerShadow","49","4","1","1","2.730461","0","13"
"/Game/Misoten/Assets/M_OutLine.M_OutLine","49","36","1","1","31.433674","0","746"
"/Game/Misoten/Assets/M_Enemy.M_Enemy","49","44","1","1","42.351780","0","948"
"/Game/Misoten/Assets/M_Decal.M_Decal","49","21","1","1","18.927933","0","251"
"/Game/Misoten/Assets/M_Bullet.M_Bullet","49","44","1","1","43.339401","0","958"
"/NiagaraFluids/Materials/Utility/M_SolidParticle.M_SolidParticle","49","6","1","1","5.751391","0","26"
"/Engine/BasicShapes/BasicShapeMaterial.BasicShapeMaterial","49","0","82","1","0.000000","0","0"
"/Niagara/DefaultAssets/DefaultSpriteMaterial.DefaultSpriteMaterial","49","0","35","1","0.000000","0","0"
"/Engine/EngineSky/M_SimpleSkyDome.M_SimpleSkyDome","49","0","4","1","0.000000","0","0"
"/NiagaraFluids/Materials/Grid3D/M_DebugVolumeSlice.M_DebugVolumeSlice","49","18","3","2","42.429573","0","91"
"/Game/Misoten/Assets/Postprocess/Material/M_Postprocess_Outline_Rainbow.M_Postprocess_Outline_Rainbow","49","4","1","1","2.652045","0","13"
"/Game/Misoten/Assets/Postprocess/Material/M_Postprocess_Outline_Black.M_Postprocess_Outline_Black","49","4","1","1","2.761102","0","13"
"/Game/Misoten/BP/Misoten_Enemy/model/M_BG_SprayCan.M_BG_SprayCan","49","14","1","1","12.442674","0","118"
"/Game/Misoten/BP/Misoten_Enemy/model/M_BG_ColorCorn.M_BG_ColorCorn","49","14","1","1","0.000000","0","118"
"/Game/Misoten/Assets/Models/BackGround/BG_Material_Texture/M_BG_ColorCorn.M_BG_ColorCorn","49","23","1","1","9.913865","0","298"
"/Game/Misoten/BP/Misoten_Enemy/Enemy/Thunder/model/M_Crow_Thunder_Left_Eye.M_Crow_Thunder_Left_Eye","49","36","1","1","54.846935","0","553"
"/Game/Misoten/BP/Misoten_Enemy/Enemy/Thunder/model/M_Crow_Thunder_Right_Eye.M_Crow_Thunder_Right_Eye","49","36","1","1","0.000000","0","553"
"/Game/Misoten/BP/Misoten_Enemy/Enemy/Thunder/model/M_Crow_Thunder1.M_Crow_Thunder1","49","26","1","1","52.549694","0","254"
"/Game/Misoten/BP/Misoten_Enemy/Enemy/Throw/model/M_Crow_Spray.M_Crow_Spray","49","26","1","1","30.788437","0","321"
"/Game/Misoten/BP/Misoten_Enemy/Enemy/Throw/model/M_Crow_Spray_Right_Eye.M_Crow_Spray_Right_Eye","49","36","1","1","81.670609","0","341"
"/Game/Misoten/BP/Misoten_Enemy/Enemy/Throw/model/M_Crow_Spray_Left_Eye.M_Crow_Spray_Left_Eye","49","36","1","1","0.000000","0","306"
"/Game/Misoten/BP/Misoten_Enemy/Enemy/Boss/Panda/M_Panda_01.M_Panda_01","49","14","1","1","0.000000","0","118"
"/Game/Misoten/BP/Misoten_Enemy/Crow_Assets/Material_Crow/M_CrowColor.M_CrowColor","49","52","4","2","167.734253","0","296"
"/Game/Misoten/Assets/UI/UI_Texture/UIFonts/M_UI_NumberAsset_Mat.M_UI_NumberAsset_Mat","49","10","1","1","5.798309","0","33"
"/Game/Misoten/Assets/UI/UI_Texture/TriggerUI/M_UI_Trigger_RB.M_UI_Trigger_RB","49","10","1","1","4.391402","0","35"
"/Game/Misoten/Assets/UI/UI_Texture/SelectUI/M_UI_SelectIcon_A.M_UI_SelectIcon_A","49","10","1","1","4.252438","0","43"
"/Game/Misoten/Assets/UI/UI_Texture/SelectUI/M_UI_MenuButton.M_UI_MenuButton","49","10","1","1","0.000000","0","43"
"/Game/Misoten/Assets/UI/UI_Texture/SelectUI/M_UI_LevelNorma.M_UI_LevelNorma","49","10","1","1","5.615077","0","51"
"/Game/Misoten/Assets/UI/UI_Texture/ResultUI/TX_UI_Result_Ster_Mat1.TX_UI_Result_Ster_Mat1","49","10","1","1","0.000000","0","43"
"/Game/Misoten/Assets/UI/UI_Texture/ResultUI/M_UI_Result_Maker.M_UI_Result_Maker","49","10","1","1","4.338390","0","51"
"/Game/Misoten/Assets/UI/UI_Texture/ResultUI/M_UI_Result_GetItemWindow_White.M_UI_Result_GetItemWindow_White","49","10","1","1","4.395667","0","38"
"/Game/Misoten/Assets/UI/UI_Texture/ResultUI/M_UI_Result_TimeWindow.M_UI_Result_TimeWindow","49","10","1","1","4.340117","0","55"
"/Game/Misoten/Assets/UI/UI_Texture/ResultUI/TX_UI_Result_Ster_Mat.TX_UI_Result_Ster_Mat","49","10","1","1","0.000000","0","43"
"/Game/Misoten/Assets/UI/UI_Texture/ResultUI/M_UI_Result_Check.M_UI_Result_Check","49","10","1","1","0.000000","0","43"
"/Game/Misoten/Assets/UI/UI_Texture/ResultUI/M_UI_Result_ComplateIcon.M_UI_Result_ComplateIcon","49","10","1","1","0.000000","0","55"
"/Game/Misoten/Assets/UI/UI_Texture/ResultUI/M_UI_Result_AchieveWindow_White.M_UI_Result_AchieveWindow_White","49","10","1","1","0.000000","0","38"
"/Game/Misoten/Assets/UI/UI_Texture/RankingUI/M_UI_Ranking_Tag.M_UI_Ranking_Tag","49","10","1","1","0.000000","0","43"
"/Game/Misoten/Assets/UI/UI_Texture/RankingUI/MI_UI_Ranking_Tag.MI_UI_Ranking_Tag","49","10","1","1","0.000000","0","43"
"/Game/Misoten/Assets/UI/UI_Texture/ResultRankingUI/M_UI_Ranking_RanBer.M_UI_Ranking_RanBer","49","10","1","1","4.339449","0","48"
"/Game/Misoten/Assets/UI/UI_Texture/MenuUI/M_UI_WarningButton.M_UI_WarningButton","49","10","1","1","4.856030","0","38"
"/Game/Misoten/Assets/UI/UI_Texture/MenuUI/M_UI_Menu_Button_Focus.M_UI_Menu_Button_Focus","49","10","1","1","4.406770","0","56"
"/Game/Misoten/Assets/UI/UI_Texture/TriggerUI/M_UI_Lightning.M_UI_Lightning","49","10","1","1","4.597612","0","55"
"/Game/Misoten/Assets/UI/UI_Texture/SelectUI/M_UI_Select_MaskBoard.M_UI_Select_MaskBoard","49","24","1","1","13.373992","0","161"
"/Game/Misoten/Assets/UI/UI_Texture/MenuUI/M_UI_Menu_Icon.M_UI_Menu_Icon","49","10","1","1","0.000000","0","43"
"/Game/Misoten/Assets/UI/UI_Texture/MainUI/M_UI_Lightning.M_UI_Lightning","49","10","1","1","0.000000","0","55"
"/Game/Misoten/Assets/Seqence/TX_TeamRogo_Tmp_Mat.TX_TeamRogo_Tmp_Mat","49","21","1","1","19.290270","0","126"
"/Game/Misoten/Assets/UI/UI_Texture/MainUI/M_Number.M_Number","49","10","1","1","4.461075","0","52"
"/Game/Misoten/Assets/Postprocess/Material/M_PostProcess_Night.M_PostProcess_Night","49","4","1","1","1.852924","0","13"
"/Game/Misoten/Assets/Models/Proto_CharaAssets/Material_Textures/M_CharaSkin.M_CharaSkin","49","26","1","1","0.000000","0","321"
"/Game/Misoten/Assets/Models/Proto_CharaAssets/Material_Textures/M_CharaFace.M_CharaFace","49","36","1","1","34.833179","0","351"
"/Game/Misoten/Assets/Models/Proto_CharaAssets/Material_Textures/M_CharaHair.M_CharaHair","49","26","1","1","0.000000","0","321"
"/Game/Misoten/Assets/Models/Proto_CharaAssets/Material_Textures/M_Bike.M_Bike","49","26","1","1","0.000000","0","321"
"/Game/Misoten/Assets/Models/Proto_CharaAssets/Material_Textures/M_Bat.M_Bat","49","26","1","1","0.000000","0","321"
"/Game/Misoten/BP/Misoten_Enemy/Enemy/tornado/M_Crow.M_Crow","49","26","1","1","21.041349","0","198"
"/Game/Misoten/Assets/Models/MainCharaAssets/MainChara_Materials/M_MainCharacter_Body.M_MainCharacter_Body","49","58","1","1","42.948994","0","671"
"/Game/Misoten/Assets/Models/MainCharaAssets/MainChara_Materials/M_Model_Bike1.M_Model_Bike1","49","26","1","1","23.944895","0","158"
"/Game/Misoten/Assets/Models/MainCharaAssets/MainChara_Materials/M_Model_Bike.M_Model_Bike","49","26","1","1","0.000000","0","321"
"/Game/Misoten/Assets/Models/MainCharaAssets/MainChara_Materials/M_MainCharacter_RightEye.M_MainCharacter_RightEye","49","58","1","1","42.542282","0","790"
"/Game/Misoten/Assets/Models/MainCharaAssets/MainChara_Materials/M_MainCharacter_LeftEye.M_MainCharacter_LeftEye","49","58","1","1","0.000000","0","790"
"/Game/Misoten/Assets/Models/Enemy/Crow_Thander/M_Crow_Thunder_Right_Eye1.M_Crow_Thunder_Right_Eye1","49","36","1","1","0.000000","0","338"
"/Game/Misoten/Assets/Models/Enemy/Crow_Thander/M_Crow_Thunder_Left_Eye.M_Crow_Thunder_Left_Eye","49","36","1","1","0.000000","0","306"
"/Game/Misoten/Assets/Models/Enemy/Crow_Thander/M_Crow_Thunder.M_Crow_Thunder","49","26","1","1","0.000000","0","254"
"/Game/Misoten/Assets/Models/Enemy/Crow_Spray/M_Crow_Spray_Right_Eye.M_Crow_Spray_Right_Eye","49","36","1","1","0.000000","0","306"
"/Game/Misoten/Assets/Models/Enemy/Crow_Spray/M_Crow_Spray.M_Crow_Spray","49","26","1","1","0.000000","0","321"
"/Game/Misoten/Assets/Models/Enemy/Crow_Spray/M_Crow_Spray_Left_Eye.M_Crow_Spray_Left_Eye","49","36","1","1","0.000000","0","306"
"/Game/Misoten/Assets/Models/Enemy/Crow/M_Crow.M_Crow","49","26","1","1","0.000000","0","198"
"/Game/Misoten/Assets/Models/BotPanda/M_BotPanda_01.M_BotPanda_01","49","14","1","1","0.000000","0","118"
"/Game/Misoten/Assets/Models/BossPanda/M_BossPanda_Bike.M_BossPanda_Bike","49","58","1","1","49.430271","0","711"
"/Game/Misoten/Assets/Models/BossPanda/M_BossPanda_01.M_BossPanda_01","49","58","1","1","0.000000","0","790"
"/Game/Misoten/Assets/Models/BossPanda/M_BossPanda_Third.M_BossPanda_Third","49","26","1","1","0.000000","0","158"
"/Game/Misoten/Assets/Models/BossPanda/M_BossPanda_Second.M_BossPanda_Second","49","26","1","1","0.000000","0","158"
"/Game/Misoten/Assets/Models/BossPanda/M_BossPanda_First.M_BossPanda_First","49","26","1","1","0.000000","0","158"
"/Game/Misoten/Assets/Models/BG_TestAsset/lambert3.lambert3","49","20","1","1","21.295767","0","116"
"/Game/Misoten/Assets/Models/BackGround/Kamada_Model/BG_Sighboard_SurpriseMark/M_Sighboard_SurpriseMark_Mark.M_Sighboard_SurpriseMark_Mark","49","3","1","1","2.612315","0","8"
"/Game/Misoten/Assets/Models/BackGround/Kamada_Model/BG_Sighboard_NoEntry/M_Sighboard_NoEntry_Mark.M_Sighboard_NoEntry_Mark","49","3","1","1","2.682588","0","8"
"/Game/Misoten/Assets/Models/BackGround/Kamada_Model/BG_Sighboard_F/M_Sighboard_F_Back.M_Sighboard_F_Back","49","23","1","1","18.981428","0","162"
"/Game/Misoten/Assets/Models/BackGround/Kamada_Model/BG_Sighboard_F/M_Sighboard_F_Arrow.M_Sighboard_F_Arrow","49","3","1","1","4.204249","0","8"
"/Game/Misoten/Assets/Models/BackGround/Kamada_Model/BG_Sighboard_NoEntry/M_Sighboard_NoEntry_Line.M_Sighboard_NoEntry_Line","49","5","1","1","3.734821","0","19"
"/Game/Misoten/Assets/Models/BackGround/Kamada_Model/BG_Sighboard_E/M_Sighboard_E_Back.M_Sighboard_E_Back","49","23","1","1","0.000000","0","162"
"/Game/Misoten/Assets/Models/BackGround/Kamada_Model/BG_Sighboard_D/M_Sighboard_D_Back.M_Sighboard_D_Back","49","17","1","1","14.125422","0","115"
"/Game/Misoten/Assets/Models/BackGround/Kamada_Model/BG_Sighboard_E/M_Sighboard_E_Arrow.M_Sighboard_E_Arrow","49","3","1","1","0.000000","0","8"
"/Game/Misoten/Assets/Models/BackGround/BG_Mesh/M_Concrete.M_Concrete","49","14","1","1","0.000000","0","118"
"/Game/Misoten/Assets/Models/BackGround/BG_Mesh/M_Concrete02.M_Concrete02","49","14","1","1","0.000000","0","118"
"/Game/Misoten/Assets/Models/BackGround/BG_Material_Texture/Grafiti/Grafiti_v2/NewMaterial.NewMaterial","49","21","1","1","0.000000","0","126"
"/Game/Misoten/Assets/Models/BackGround/BG_Material_Texture/M_Fence.M_Fence","49","58","2","1","53.036213","0","807"
"/Game/Misoten/Assets/Models/BackGround/BG_Material_Texture/M_Decal_Scratch_01.M_Decal_Scratch_01","49","21","1","1","53.081001","0","164"
"/Game/Misoten/Assets/Models/BackGround/BG_Mesh/M_Lighting.M_Lighting","49","23","1","1","24.033602","0","276"
"/Game/Misoten/Assets/Models/BackGround/BG_Material_Texture/TX_Dot_Mat.TX_Dot_Mat","49","18","2","1","20.062218","0","107"
"/Game/Misoten/Assets/Models/BackGround/BG_Material_Texture/M_BigLight.M_BigLight","49","14","1","1","0.000000","0","118"
"/Game/Misoten/Assets/Models/BackGround/BG_Material_Texture/M_Decal_Grafiti.M_Decal_Grafiti","49","21","4","1","34.570187","0","149"
"/Game/Misoten/Assets/Models/BackGround/BG_Material_Texture/M_DushPanel_Side.M_DushPanel_Side","49","14","1","1","0.000000","0","118"
"/Game/Misoten/Assets/Models/BackGround/BG_Material_Texture/M_Drum.M_Drum","49","23","1","1","0.000000","0","298"
"/Game/Misoten/Assets/Models/BackGround/BG_Material_Texture/M_CardBoard.M_CardBoard","49","28","1","1","23.984476","0","388"
"/Game/Misoten/Assets/Models/BackGround/BG_Material_Texture/M_BG_BigAreaPanel.M_BG_BigAreaPanel","49","14","1","1","0.000000","0","118"
"/Game/Misoten/Assets/Models/BackGround/BG_ActerBP/LightAssets/M_DotLight_Flash.M_DotLight_Flash","49","40","2","1","86.274620","0","318"
"/Game/Misoten/Assets/Models/BackGround/BG_ActerBP/LightAssets/M_DotLight.M_DotLight","49","40","5","1","105.424889","0","321"
"/Engine/EngineDebugMaterials/M_VolumeRenderSphereTracePP.M_VolumeRenderSphereTracePP","49","0","4","1","0.000000","0","0"
"/Engine/EngineMaterials/EmissiveMeshMaterial.EmissiveMeshMaterial","49","0","5","1","0.000000","0","0"
"/Engine/EngineMaterials/FlattenMaterial_WS_Normal_VT.FlattenMaterial_WS_Normal_VT","49","0","50","1","0.000000","0","0"
"/Engine/EngineMaterials/FlattenMaterial_VT.FlattenMaterial_VT","49","0","50","1","0.000000","0","0"
"/Engine/EngineMaterials/FlattenMaterial.FlattenMaterial","49","0","50","1","0.000000","0","0"
"/Engine/EngineMaterials/M_InvalidLightmapSettings.M_InvalidLightmapSettings","49","0","28","1","0.000000","0","0"
"/Engine/EngineMaterials/PhAT_JointLimitMaterial.PhAT_JointLimitMaterial","49","0","9","1","0.000000","0","0"
"/ControlRig/M_Manip.M_Manip","49","0","9","1","0.000000","0","0"
"/Paper2D/DefaultSpriteMaterial.DefaultSpriteMaterial","49","0","64","3","0.000000","0","0"
"/Engine/EngineMaterials/WorldGridMaterial.WorldGridMaterial","49","0","838","1","0.000000","0","0"
"/Engine/VREditor/TransformGizmo/TransformGizmoMaterial.TransformGizmoMaterial","49","0","4","1","0.000000","0","0"
"/Engine/EngineMaterials/Widget3DPassThrough.Widget3DPassThrough","49","0","62","6","0.000000","0","3"
"/Engine/EngineMaterials/DefaultPostProcessMaterial.DefaultPostProcessMaterial","49","0","6","1","0.000000","0","0"
"/Engine/EngineMaterials/DefaultDeferredDecalMaterial.DefaultDeferredDecalMaterial","49","0","87","1","0.000000","0","0"
"/Engine/EngineMaterials/DefaultMaterial.DefaultMaterial","49","0","127","1","0.000000","0","0"
"/Engine/EngineMaterials/DefaultTextMaterialOpaque.DefaultTextMaterialOpaque","49","0","33","1","0.000000","0","0"
"/Game/Misoten/Assets/EFF/TrailEffect/M_TrailTest.M_TrailTest","49","20","1","1","16.765003","0","130"
"/Game/Misoten/Assets/EFF/Toon_Shockwave/M_Ring.M_Ring","49","9","1","1","8.480553","0","46"
"/Game/Misoten/Assets/EFF/Toon_Shockwave/M_CornWave.M_CornWave","49","53","1","1","46.920078","0","608"
"/Game/Misoten/Assets/EFF/Toon_Hit/M_Lightning.M_Lightning","49","36","3","1","142.466858","0","176"
"/Game/Misoten/Assets/EFF/Toon_Hit/M_Glow.M_Glow","49","6","1","1","5.494877","0","26"
"/Game/Misoten/Assets/EFF/SpeedLine/M_Wing.M_Wing","49","53","1","1","42.464760","0","848"
"/Game/Misoten/Assets/Models/MainCharaAssets/MainChara_Materials/M_MainCharacter_Body1.M_MainCharacter_Body1","49","58","1","1","45.689663","0","744"
"/Game/Misoten/Assets/EFF/Sparks/M_Circle.M_Circle","49","36","1","1","38.661606","0","525"
"/Game/Misoten/Assets/EFF/SmokeToon/M_Clouds_2.M_Clouds_2","49","36","1","1","26.343105","0","525"
"/Game/Misoten/Assets/EFF/SmokeToon/M_Clouds.M_Clouds","49","6","1","1","4.546743","0","26"
"/Game/Misoten/Assets/EFF/Hit/M_Glow.M_Glow","49","36","3","1","0.000000","0","153"
"/Game/Misoten/Assets/EFF/FX_Landing/M_Distortion_Spiral.M_Distortion_Spiral","49","10","1","1","8.351236","0","57"
"/Game/Misoten/Assets/EFF/FX_Landing/M_Shockwave_White.M_Shockwave_White","49","6","1","1","5.111384","0","16"
"/Game/Misoten/Assets/EFF/FX_JumpAction/M_Ring_B.M_Ring_B","49","6","1","1","0.000000","0","16"
"/Game/Misoten/Assets/EFF/FX_JumpAction/M_Ring_A.M_Ring_A","49","6","1","1","0.000000","0","16"
"/Game/Misoten/Assets/EFF/EFF_Parabola/M_Ring_A.M_Ring_A","49","6","1","1","0.000000","0","16"
"/Game/Misoten/Assets/EFF/FX_JumpAction/M_Triangle_E.M_Triangle_E","49","6","1","1","0.000000","0","16"
"/Game/Misoten/Assets/EFF/FX_JumpAction/M_Triangle_D.M_Triangle_D","49","6","1","1","5.415301","0","21"
"/Game/Misoten/Assets/EFF/FX_JumpAction/M_Triangle_C.M_Triangle_C","49","6","1","1","0.000000","0","21"
"/Game/Misoten/Assets/EFF/FX_JumpAction/M_Triangle_B.M_Triangle_B","49","6","1","1","0.000000","0","21"
"/Game/Misoten/Assets/EFF/FX_JumpAction/M_Triangle_A.M_Triangle_A","49","6","1","1","0.000000","0","21"
"/Game/Misoten/Assets/EFF/FX_JumpAction/M_Star.M_Star","49","6","1","1","0.000000","0","16"
"/Game/Misoten/Assets/EFF/FX_JumpAction/M_Glow_Rainbow.M_Glow_Rainbow","49","6","1","1","5.677558","0","23"
"/Game/Misoten/Assets/EFF/FX_JumpAction/M_Distortion_Donut.M_Distortion_Donut","49","10","1","1","7.992928","0","49"
"/Game/Misoten/Assets/EFF/FX_Enemy_Disappearance/M_Star.M_Star","49","9","1","1","2.439098","0","34"
"/Game/Misoten/Assets/EFF/FX_Enemy_Disappearance/M_Crosswave.M_Crosswave","49","6","1","1","0.000000","0","16"
"/Game/Misoten/Assets/EFF/FX_Enemy_Disappearance/M_Glow_Dot.M_Glow_Dot","49","6","1","1","0.000000","0","16"
"/Game/Misoten/Assets/EFF/FX_DriftSpark/M_Glow_Dot.M_Glow_Dot","49","6","1","1","5.533380","0","26"
"/Game/Misoten/Assets/EFF/FX_DriftSpark/M_Glow.M_Glow","49","6","1","1","0.000000","0","26"
"/Game/Misoten/Assets/EFF/EFF_WarningBelt_Yellow/M_Plane_Warning_Chara.M_Plane_Warning_Chara","49","5","1","1","3.993450","0","19"
"/Game/Misoten/Assets/EFF/FX_DriftSpark/M_Spark_A.M_Spark_A","49","6","1","1","0.000000","0","16"
"/Game/Misoten/Assets/EFF/EFF_WarningBelt_Yellow/M_Plane_Warning_Back.M_Plane_Warning_Back","49","5","1","1","3.957905","0","15"
"/Game/Misoten/Assets/EFF/EFF_WarningBelt_Yellow/M_Plane_Warning_Text.M_Plane_Warning_Text","49","5","1","1","4.177986","0","19"
"/Game/Misoten/Assets/EFF/EFF_WarningBelt_Yellow/M_Plane_Warning_Stripe.M_Plane_Warning_Stripe","49","5","1","1","4.046934","0","19"
"/Game/Misoten/Assets/EFF/EFF_WarningBelt/M_Plane_Warning_Back.M_Plane_Warning_Back","49","5","1","1","0.000000","0","15"
"/Game/Misoten/Assets/EFF/EFF_WarningBelt/M_Plane_Warning_Stripe.M_Plane_Warning_Stripe","49","5","1","1","0.000000","0","19"
"/Game/Misoten/Assets/EFF/EFF_Tornado/M_Tornado.M_Tornado","49","36","1","1","32.028629","0","524"
"/Game/Misoten/Assets/EFF/EFF_WarningBelt/M_Plane_Warning_Chara.M_Plane_Warning_Chara","49","5","1","1","0.000000","0","19"
"/Game/Misoten/Assets/EFF/EFF_WarningBelt/M_Plane_Warning_Text.M_Plane_Warning_Text","49","5","1","1","0.000000","0","19"
"/Game/Misoten/Assets/EFF/EFF_TireLightning_v3/M_Squea_White_v2.M_Squea_White_v2","49","6","1","1","3.991701","0","21"
"/Game/Misoten/Assets/EFF/EFF_TireLightning_v3/M_Squea_White.M_Squea_White","49","6","1","1","23.417925","0","20"
"/Game/Misoten/Assets/EFF/EFF_TireLightning_v3/M_Squea_White_v3.M_Squea_White_v3","49","6","1","1","5.168193","0","26"
"/Game/Misoten/Assets/EFF/EFF_TireLightning_v3/M_Arrow_Thunder.M_Arrow_Thunder","49","9","1","1","7.671073","0","49"
"/Game/Misoten/Assets/EFF/EFF_Throw_TargetPoint/M_Wave_Glow_B.M_Wave_Glow_B","49","15","1","1","12.226901","0","85"
"/Game/Misoten/Assets/EFF/EFF_Throw_TargetPoint/M_Wave_Glow.M_Wave_Glow","49","15","1","1","12.653630","0","109"
"/Game/Misoten/Assets/EFF/EFF_Throw_TargetPoint/M_Target_Line_B.M_Target_Line_B","49","15","1","1","0.000000","0","85"
"/Game/Misoten/Assets/EFF/EFF_Throw_TargetPoint/M_Target_Line.M_Target_Line","49","15","1","1","0.000000","0","109"
"/Game/Misoten/Assets/EFF/EFF_Throw_TargetPoint/M_Target_Cross.M_Target_Cross","49","15","1","1","0.000000","0","109"
"/Game/Misoten/Assets/EFF/EFF_Throw_Before/M_Cross.M_Cross","49","6","1","1","0.000000","0","16"
"/Game/Misoten/Assets/EFF/EFF_Throw_TargetPoint/M_Target_Cross_B.M_Target_Cross_B","49","15","1","1","0.000000","0","85"
"/Game/Misoten/Assets/EFF/EFF_Throw_Before/M_Ring.M_Ring","49","6","1","1","0.000000","0","16"
"/Game/Misoten/Assets/EFF/EFF_SurpriseMark/M_SurpriseMark.M_SurpriseMark","49","6","1","1","5.259981","0","19"
"/Game/Misoten/Assets/EFF/EFF_Sighboard/M_Sighboard_C_Arrow.M_Sighboard_C_Arrow","49","3","1","1","2.669692","0","8"
"/Game/Misoten/Assets/EFF/EFF_Sighboard/M_Sighboard_A_Back.M_Sighboard_A_Back","49","26","1","1","25.391804","0","223"
"/Game/Misoten/Assets/EFF/EFF_Sighboard/M_Sighboard_A_Arrow.M_Sighboard_A_Arrow","49","5","1","1","4.843806","0","19"
"/Game/Misoten/Assets/EFF/EFF_Shockwave_Attack/M_Spark.M_Spark","49","15","1","1","0.000000","0","85"
"/Game/Misoten/Assets/EFF/EFF_Shockwave_Attack/M_Shockwave_Big.M_Shockwave_Big","49","10","1","1","0.000000","0","38"
"/Game/Misoten/Assets/EFF/EFF_Shockwave_Attack/M_Shockwave_B.M_Shockwave_B","49","10","1","1","8.449312","0","55"
"/Game/Misoten/Assets/EFF/EFF_Shockwave_Attack/M_Ring.M_Ring","49","15","1","1","0.000000","0","85"
"/Game/Misoten/Assets/EFF/EFF_Shockwave_Attack/M_Shockwave_Stop.M_Shockwave_Stop","49","10","1","1","0.000000","0","38"
"/Game/Misoten/Assets/EFF/EFF_Shockwave_Attack/M_Shockwave_Big2.M_Shockwave_Big2","49","10","1","1","9.149589","0","58"
"/Game/Misoten/Assets/EFF/EFF_Shockwave_Attack/M_Shockwave_Big1.M_Shockwave_Big1","49","10","1","1","9.038301","0","50"
"/Game/Misoten/Assets/EFF/EFF_Shockwave_Attack/M_DangerLine.M_DangerLine","49","10","1","1","8.974028","0","64"
"/Game/Misoten/Assets/EFF/EFF_ripples/M_Ripples_Circle.M_Ripples_Circle","49","40","1","1","40.013695","0","404"
"/Game/Misoten/Assets/EFF/EFF_RingClear/M_Spiral_C.M_Spiral_C","49","6","1","1","0.000000","0","16"
"/Game/Misoten/Assets/EFF/EFF_RingClear/M_Ring_C_Sprite.M_Ring_C_Sprite","49","6","1","1","0.000000","0","16"
"/Game/Misoten/Assets/EFF/EFF_RingClear/M_InsideWave.M_InsideWave","49","6","1","1","0.000000","0","16"
"/Game/Misoten/Assets/EFF/EFF_RingClear/M_Ring_E.M_Ring_E","49","6","1","1","0.000000","0","16"
"/Game/Misoten/Assets/EFF/EFF_RingClear/M_Ring_02.M_Ring_02","49","6","1","1","0.000000","0","16"
"/Game/Misoten/Assets/EFF/EFF_RingClear/M_Glow_Dot.M_Glow_Dot","49","6","1","1","0.000000","0","16"
"/Game/Misoten/Assets/EFF/EFF_RingClear/M_Glow.M_Glow","49","6","1","1","0.000000","0","16"
"/Game/Misoten/Assets/EFF/EFF_Shockwave_Attack/M_Distortion_Donut.M_Distortion_Donut","49","10","1","1","0.000000","0","57"
"/Game/Misoten/Assets/EFF/EFF_RingClear/M_Distortion_Donut.M_Distortion_Donut","49","10","1","1","0.000000","0","57"
"/Game/Misoten/Assets/EFF/EFF_Reflaction_Fail/M_Shockwave_B.M_Shockwave_B","49","6","1","1","0.000000","0","16"
"/Game/Misoten/Assets/EFF/EFF_Reflaction_Fail/M_Shockwave_White.M_Shockwave_White","49","6","1","1","0.000000","0","16"
"/Game/Misoten/Assets/EFF/EFF_Reflaction_Fail/M_Shockwave_Blue.M_Shockwave_Blue","49","6","1","1","0.000000","0","19"
"/Game/Misoten/Assets/EFF/EFF_Reflaction_Fail/M_Ring_C.M_Ring_C","49","6","1","1","0.000000","0","16"
"/Game/Misoten/Assets/EFF/EFF_Reflaction_Fail/M_Star.M_Star","49","6","1","1","0.000000","0","16"
"/Game/Misoten/Assets/EFF/EFF_Parabola/M_Ring_C_Sprite.M_Ring_C_Sprite","49","15","1","1","0.000000","0","85"
"/Game/Misoten/Assets/EFF/EFF_Parabola/M_Squea_White.M_Squea_White","49","6","1","1","0.000000","0","20"
"/Game/Misoten/Assets/EFF/EFF_LoopAttackUI/M_Circle.M_Circle","49","3","1","1","2.711100","0","8"
"/Game/Misoten/Assets/EFF/EFF_LightningAttack/M_Wave_Glow.M_Wave_Glow","49","9","1","1","8.600428","0","46"
"/Game/Misoten/Assets/EFF/EFF_LightningAttack/M_Shockwave_B.M_Shockwave_B","49","6","1","1","0.000000","0","19"
"/Game/Misoten/Assets/EFF/EFF_LightningAttack/M_Beam.M_Beam","49","6","1","1","5.407662","0","26"
"/Game/Misoten/Assets/EFF/EFF_Hit_Level_Medium/M_Shockwave_Purple.M_Shockwave_Purple","49","6","1","1","0.000000","0","19"
"/Game/Misoten/Assets/EFF/EFF_Hit_Level_Medium/M_Shockwave_Burn.M_Shockwave_Burn","49","6","1","1","0.000000","0","19"
"/Game/Misoten/Assets/EFF/EFF_Hit_Level_Medium/M_Shockwave_White.M_Shockwave_White","49","6","1","1","0.000000","0","16"
"/Game/Misoten/Assets/EFF/EFF_Hit_Level_Medium/M_Cross.M_Cross","49","6","1","1","0.000000","0","19"
"/Game/Misoten/Assets/EFF/EFF_Hit_Level_Medium/M_Triangle_White.M_Triangle_White","49","6","1","1","0.000000","0","16"
"/Game/Misoten/Assets/EFF/EFF_Hit_Level_Medium/M_Dot_Gladetion.M_Dot_Gladetion","49","6","1","1","0.000000","0","16"
"/Game/Misoten/Assets/EFF/EFF_Hit_Level_Low/M_Shockwave_White.M_Shockwave_White","49","6","1","1","0.000000","0","16"
"/Game/Misoten/Assets/EFF/EFF_Hit_Level_High/M_Shockwave_Purple.M_Shockwave_Purple","49","6","1","1","0.000000","0","19"
"/Game/Misoten/Assets/EFF/EFF_Hit_Level_High/M_Shockwave_Burn.M_Shockwave_Burn","49","6","1","1","0.000000","0","19"
"/Game/Misoten/Assets/EFF/EFF_Hit_Level_High/M_Shockwave_White.M_Shockwave_White","49","6","1","1","0.000000","0","16"
"/Game/Misoten/Assets/EFF/EFF_Hit_Level_High/M_Ring.M_Ring","49","6","1","1","0.000000","0","16"
"/Game/Misoten/Assets/EFF/EFF_Hit_Level_High/M_Cross.M_Cross","49","6","1","1","0.000000","0","19"
"/Game/Misoten/Assets/EFF/EFF_Hit_Level_High/M_Triangle_White.M_Triangle_White","49","6","1","1","0.000000","0","16"
"/Game/Misoten/Assets/EFF/EFF_Hit_Level_High/M_HighLight.M_HighLight","49","6","1","1","0.000000","0","16"
"/Game/Misoten/Assets/EFF/EFF_Hit_Level_High/M_Dot_Gladetion.M_Dot_Gladetion","49","6","1","1","0.000000","0","16"
"/Game/Misoten/Assets/EFF/EFF_Hit_Level_High/M_Distortion_Donut.M_Distortion_Donut","49","10","1","1","0.000000","0","57"
"/Game/Misoten/Assets/EFF/EFF_Hit_Chase/M_Shockwave_White.M_Shockwave_White","49","6","1","1","0.000000","0","16"
"/Game/Misoten/Assets/EFF/EFF_Hit_Chase/M_Triangle_White.M_Triangle_White","49","6","1","1","0.000000","0","16"
"/Game/Misoten/Assets/EFF/EFF_Hit_Chase/M_Dot_Gladetion.M_Dot_Gladetion","49","6","1","1","0.000000","0","16"
"/Game/Misoten/Assets/EFF/EFF_Find/M_FindIcon.M_FindIcon","49","13","1","1","7.634798","0","68"
"/Game/Misoten/Assets/EFF/EFF_Explosion_v3/M_Ring.M_Ring","49","10","1","1","0.000000","0","55"
"/Game/Misoten/Assets/EFF/EFF_Explosion_v3/M_Glow_Dummy.M_Glow_Dummy","49","6","1","1","0.000000","0","16"
"/Game/Misoten/Assets/EFF/EFF_Explosion_v2/M_Crosswave.M_Crosswave","49","10","1","1","0.000000","0","55"
"/Game/Misoten/Assets/EFF/EFF_Explosion_v2/M_Burst.M_Burst","49","10","1","1","0.000000","0","55"
"/Game/Misoten/Assets/EFF/EFF_Explosion_v2/M_Glow_Dot.M_Glow_Dot","49","6","1","1","0.000000","0","16"
"/Game/Misoten/Assets/EFF/EFF_Enemy_Spawn/M_Slash.M_Slash","49","10","1","1","0.000000","0","55"
"/Game/Misoten/Assets/EFF/EFF_Enemy_Spawn/M_Shockwave_B.M_Shockwave_B","49","10","1","1","0.000000","0","55"
"/Game/Misoten/Assets/EFF/EFF_DustFlake/M_Triangle.M_Triangle","49","60","1","1","68.515060","0","827"
"/Game/Misoten/Assets/EFF/EFF_DustFlake/M_Ster_03.M_Ster_03","49","53","1","1","51.351368","0","740"
"/Game/Misoten/Assets/EFF/EFF_Drop/M_Drop.M_Drop","49","6","1","1","0.000000","0","19"
"/Game/Misoten/Assets/EFF/EFF_Confusion/M_Shockwave_White.M_Shockwave_White","49","6","1","1","0.000000","0","16"
"/Game/Misoten/Assets/EFF/EFF_Confusion/M_Star.M_Star","49","6","1","1","0.000000","0","16"
"/Game/Misoten/Assets/EFF/EFF_Confusion/M_Confusion.M_Confusion","49","15","1","1","15.478547","0","120"
"/Game/Misoten/Assets/EFF/EFF_Axel/lambert1.lambert1","49","5","1","1","4.145259","0","19"
"/Game/Misoten/Assets/EFF/EFF_AttackTrail/M_Tornado.M_Tornado","49","36","1","1","28.677437","0","391"
"/Game/Misoten/Assets/EFF/EFF_Angry/M_AngrySmoke.M_AngrySmoke","49","6","1","1","0.000000","0","16"
"/Game/Misoten/Assets/EFF/EFF_Angry/M_AngryMark.M_AngryMark","49","6","1","1","0.000000","0","16"
"/Game/Misoten/Assets/EFF/EFF_Acrobat/M_EFF_Ray_02.M_EFF_Ray_02","49","6","2","1","5.687646","0","24"
"/Game/Misoten/Assets/EFF/Distortion/Crash/M_Ster.M_Ster","49","6","2","1","6.268241","0","19"
"/Game/Misoten/Assets/EFF/Distortion/M_Distortion.M_Distortion","49","44","1","1","47.371372","0","613"
"/Game/Misoten/Assets/EFF/EFF_Acrobat/M_Ster.M_Ster","49","6","1","1","7.438468","0","23"
"/Game/Misoten/Assets/EFF/EFF_Acrobat/M_EFF_Lightning.M_EFF_Lightning","49","6","1","1","10.326662","0","26"
"/Game/Misoten/Assets/EFF/Distortion/M_Lightning.M_Lightning","49","36","3","1","0.000000","0","153"
"/Game/Misoten/Assets/EFF/Distortion/M_Glow.M_Glow","49","6","1","1","0.000000","0","26"
"/Game/Misoten/Assets/EFF/Crash/M_Lay.M_Lay","49","6","1","1","9.202955","0","26"
"/Game/Misoten/Assets/EFF/Crash/M_Ster.M_Ster","49","6","2","1","0.000000","0","19"
"/Game/Misoten/Assets/EFF/SpeedLine_WBP/M_SpeedLine.M_SpeedLine","49","10","1","1","8.351126","0","55"
"/Game/Misoten/Assets/UI/UI_Texture/MainUI/M_HighLight.M_HighLight","49","10","2","1","5.643884","0","62"
"/Game/Misoten/Assets/UI/UI_Texture/TriggerUI/M_SpeedLine.M_SpeedLine","49","10","1","1","4.602039","0","64"
"/Game/Misoten/Assets/Postprocess/Material/ViewRotade.ViewRotade","49","4","1","1","2.195944","0","13"
"/Game/Misoten/Assets/Models/BackGround/Kamada_Model/BG_Sighboard_SurpriseMark/M_Sighboard_SurpriseMark_Triangle_C.M_Sighboard_SurpriseMark_Triangle_C","49","3","1","1","5.924801","0","8"
"/Game/Misoten/Assets/Models/BackGround/Kamada_Model/BG_Sighboard_SurpriseMark/M_Sighboard_SurpriseMark_Triangle_B.M_Sighboard_SurpriseMark_Triangle_B","49","3","1","1","2.808772","0","8"
"/Game/Misoten/Assets/Models/BackGround/Kamada_Model/BG_Sighboard_SurpriseMark/M_Sighboard_SurpriseMark_Triangle_A.M_Sighboard_SurpriseMark_Triangle_A","49","3","1","1","2.812688","0","8"
"/Game/Misoten/Assets/Models/BackGround/Kamada_Model/BG_Arch_Stripe/M_Arch_Stripe.M_Arch_Stripe","49","19","1","1","17.623404","0","176"
"/Game/Misoten/Assets/Models/BackGround/Kamada_Model/BG_Arch/material/M_Arch.M_Arch","49","44","1","1","37.190674","0","678"
"/Game/Misoten/Assets/Models/BackGround/Kamada_Model/BG_Arch/lambert1.lambert1","49","7","1","1","5.547035","0","38"
"/Game/Misoten/Assets/EFF/Hit/M_Wave_2.M_Wave_2","49","36","2","1","30.899107","0","608"
"/Game/Misoten/Assets/EFF/Toon_Hit/M_Wave_2.M_Wave_2","49","36","2","1","29.976168","0","506"
"/Game/Misoten/Assets/EFF/Toon_Hit/M_Wave.M_Wave","49","36","2","1","0.000000","0","608"
"/Game/Misoten/Assets/EFF/Hit/M_Wave.M_Wave","49","36","2","1","0.000000","0","608"
"/Game/Misoten/Assets/EFF/EFF_Tornado/M_Shockwave.M_Shockwave","49","53","1","1","40.696133","0","757"
"/Game/Misoten/Assets/EFF/Distortion/M_Wave_2.M_Wave_2","49","36","2","1","0.000000","0","506"
"/Game/Misoten/Assets/EFF/EFF_AttackTrail/M_Shockwave.M_Shockwave","49","53","1","1","0.000000","0","757"
"/Game/Misoten/Assets/EFF/Distortion/M_Wave.M_Wave","49","36","2","1","0.000000","0","608"
"/Game/Misoten/Assets/EFF/EFF_TireLightning_v3/M_Lightning1.M_Lightning1","49","9","1","1","65.840446","0","30"
"/Game/Misoten/Assets/EFF/EFF_TireLightning_v2/M_Lightning.M_Lightning","49","9","1","1","0.000000","0","30"
"/Game/Misoten/Assets/EFF/EFF_LightningAttack/M_Lightning.M_Lightning","49","36","1","1","53.032215","0","407"
"/NiagaraFluids/Materials/Grid3D/M_RayMarch_Smoke.M_RayMarch_Smoke","49","9","1","1","17.822378","9","89"
"/NiagaraFluids/Materials/Grid3D/M_RayMarch_Fire_Ramps.M_RayMarch_Fire_Ramps","49","9","3","1","69.049690","9","51"
"/Game/Misoten/Assets/Models/BackGround/BG_Material_Texture/M_DecalLight.M_DecalLight","49","23","1","1","29.327299","0","229"
"/Game/Misoten/Assets/Models/BackGround/BG_ActerBP/LightAssets/M_LightShape.M_LightShape","49","44","1","1","26.876160","0","576"
"/Game/Misoten/Assets/Models/BackGround/BG_ActerBP/LightAssets/M_LightDecal_Flash.M_LightDecal_Flash","49","23","1","1","35.046768","0","183"
"/Game/Misoten/Assets/Models/BackGround/BG_ActerBP/LightAssets/M_LightDecal.M_LightDecal","49","23","1","1","23.234257","0","162"
"/Game/Misoten/Assets/EFF/WheelMark_Decal/M_Decal_TmpWheel.M_Decal_TmpWheel","49","23","1","1","25.170277","0","218"
"/Game/Misoten/Assets/EFF/WheelMark_Decal/M_Decal_Scratch_01.M_Decal_Scratch_01","49","21","1","1","25.131622","0","184"
"/NiagaraFluids/Materials/Grid3D/M_3DGas_Base.M_3DGas_Base","49","240","93","6","361.124847","0","1137"
"/Game/Misoten/Assets/UI/UI_Texture/RankingUI/M_UI_Ranking_BackGround.M_UI_Ranking_BackGround","49","10","1","1","4.779922","0","51"
"/Game/Misoten/Assets/Models/BackGround/BG_Material_Texture/M_DushPanel_Decal_02.M_DushPanel_Decal_02","49","23","5","1","22.804916","0","196"
"/Game/Misoten/Assets/UI/UI_Texture/MainUI/M_UI_ComboGauge.M_UI_ComboGauge","49","10","2","1","4.636431","0","56"
"/Game/Misoten/Assets/Models/BackGround/BG_Material_Texture/M_DushPanel_Decal02.M_DushPanel_Decal02","49","23","1","1","21.052439","0","221"
"/Game/Misoten/Assets/Models/BackGround/BG_Material_Texture/M_DushPanel_Decal.M_DushPanel_Decal","49","23","5","1","0.000000","0","196"
"/Game/Misoten/Assets/Models/BackGround/BG_Material_Texture/M_DushPanel1.M_DushPanel1","49","14","1","1","11.999771","0","89"
"/Game/Misoten/Assets/Models/BackGround/BG_Material_Texture/M_DushPanel.M_DushPanel","49","14","1","1","12.006322","0","70"
"/Game/Misoten/Assets/Models/BackGround/BG_Material_Texture/M_DownPanel.M_DownPanel","49","14","1","1","11.993287","0","82"
"/Game/Misoten/Assets/UI/UI_Texture/MainUI/M_UI_SpeedMeterGauge_Mat.M_UI_SpeedMeterGauge_Mat","49","10","1","1","5.552627","0","49"
"/Game/Misoten/Assets/Postprocess/Material/M_PostprocessMaterial.M_PostprocessMaterial","49","4","1","1","2.458540","0","13"
"/Game/Misoten/Assets/EFF/EFF_Explosion_v3/M_Swirl_Noise_High.M_Swirl_Noise_High","49","58","1","1","47.569523","0","954"
"/Game/Misoten/Assets/EFF/EFF_Explosion_v3/M_Swirl_Noise.M_Swirl_Noise","49","36","2","1","31.795570","0","499"
"/Game/Misoten/Assets/EFF/EFF_Explosion_v2/M_Swirl_Noise.M_Swirl_Noise","49","31","4","1","121.139709","0","233"
"/Game/Misoten/Assets/EFF/Toon_Shockwave/M_Shockwave.M_Shockwave","49","53","1","1","0.000000","0","757"
"/Game/Misoten/Assets/EFF/Toon_Hit/M_Shockwave.M_Shockwave","49","53","1","1","0.000000","0","757"
"/Game/Misoten/Assets/EFF/Shockwave/M_Shockwave.M_Shockwave","49","53","1","1","0.000000","0","757"
"/Game/Misoten/Assets/EFF/FX_Landing/M_Lightning.M_Lightning","49","10","1","1","8.517314","0","47"
"/Game/Misoten/Assets/EFF/FX_JumpAction/M_Circle.M_Circle","49","6","1","1","5.441918","0","18"
"/Game/Misoten/Assets/EFF/FX_Enemy_Disappearance/M_Toon_Smoke.M_Toon_Smoke","49","6","1","1","8.341694","0","18"
"/Game/Misoten/Assets/EFF/FX_Enemy_Disappearance/M_Lightning.M_Lightning","49","10","1","1","0.000000","0","47"
"/Game/Misoten/Assets/EFF/EFF_TireLightning_v3/M_Lightning2.M_Lightning2","49","10","1","1","0.000000","0","47"
"/Game/Misoten/Assets/EFF/EFF_Parabola/M_Toon_Smoke.M_Toon_Smoke","49","6","1","1","0.000000","0","18"
"/Game/Misoten/Assets/EFF/EFF_LightningAttack/M_White.M_White","49","9","4","1","8.245622","0","32"
"/Game/Misoten/Assets/EFF/EFF_LightningAttack/M_Toon_Smoke.M_Toon_Smoke","49","6","1","1","0.000000","0","18"
"/Game/Misoten/Assets/EFF/EFF_LightningAttack/M_Shockwave_C.M_Shockwave_C","49","9","1","1","8.277315","0","46"
"/Game/Misoten/Assets/EFF/EFF_LightningAttack/M_Lightning_Dynamic_Copy.M_Lightning_Dynamic_Copy","49","36","1","1","59.289173","0","189"
"/Game/Misoten/Assets/EFF/EFF_LightningAttack/M_Lightning_Dynamic.M_Lightning_Dynamic","49","36","1","1","67.610413","0","128"
"/Game/Misoten/Assets/EFF/EFF_LightningAttack/M_Lightning_02.M_Lightning_02","49","10","1","1","0.000000","0","47"
"/Game/Misoten/Assets/EFF/EFF_Hit_Level_Medium/M_Circle.M_Circle","49","6","1","1","13.762671","0","21"
"/Game/Misoten/Assets/EFF/EFF_Hit_Chase/M_Circle.M_Circle","49","6","1","1","0.000000","0","21"
"/Game/Misoten/Assets/EFF/EFF_Explosion_v3/M_Toon_Smoke.M_Toon_Smoke","49","10","1","1","45.386051","0","43"
"/Game/Misoten/Assets/EFF/EFF_Explosion_v2/M_Glow_Dummy.M_Glow_Dummy","49","6","1","1","0.000000","0","21"
"/Game/Misoten/Assets/EFF/EFF_Enemy_Spawn/M_Toon_Smoke.M_Toon_Smoke","49","6","1","1","0.000000","0","18"
"/Game/Misoten/Assets/EFF/EFF_Charging/M_Lightning2.M_Lightning2","49","10","1","1","10.789921","0","46"
"/Game/Misoten/Assets/EFF/EFF_BikeStagger/M_Toon_Smoke.M_Toon_Smoke","49","36","4","1","46.681622","0","209"
"/Game/Misoten/Assets/EFF/EFF_Angry/M_Toon_Smoke_Tri.M_Toon_Smoke_Tri","49","6","1","1","5.558766","0","14"
"/Game/Misoten/Assets/EFF/EFF_Angry/M_Toon_Smoke.M_Toon_Smoke","49","6","1","1","0.000000","0","18"
"/Game/Misoten/Assets/EFF/Distortion/M_Shockwave.M_Shockwave","49","53","1","1","0.000000","0","757"
"/Engine/EngineMaterials/PPM_DefaultCalibrationGrayscale.PPM_DefaultCalibrationGrayscale","49","0","4","1","0.000000","0","0"
"/Engine/EngineMaterials/PPM_DefaultCalibrationColor.PPM_DefaultCalibrationColor","49","0","4","1","0.000000","0","0"
"/Engine/EditorMaterials/PreviewShadowIndicatorMaterial.PreviewShadowIndicatorMaterial","49","0","44","1","0.000000","0","0"
"/Engine/EngineSky/M_Sky_Panning_Clouds2.M_Sky_Panning_Clouds2","49","0","4","1","0.000000","0","0"
"/Engine/VREditor/SnapGrid/SnapGridMaterial.SnapGridMaterial","49","0","10","1","0.000000","0","0"
"/Engine/EngineSky/VolumetricClouds/m_SimpleVolumetricCloud.m_SimpleVolumetricCloud","49","0","68","1","0.000000","0","0"
"/Game/Misoten/Assets/Postprocess/Material/M_PostProcess_RadiualBlur.M_PostProcess_RadiualBlur","49","4","4","1","2.682343","0","5"
"/Game/Misoten/Assets/Postprocess/Material/M_CellShader_02.M_CellShader_02","49","4","4","1","15.950040","0","4"
"/Game/Misoten/Assets/Models/BackGround/BG_Material_Texture/M_Concrete_addPattern.M_Concrete_addPattern","49","56","1","1","65.210068","0","458"
"/Game/Misoten/Assets/Models/BackGround/BG_Material_Texture/M_Concrete_addEdge.M_Concrete_addEdge","49","65","2","1","90.735397","0","960"
"/Game/Misoten/Assets/Models/BackGround/BG_Material_Texture/M_Concrete.M_Concrete","49","80","6","1","165.873367","0","519"
"/Interchange/gltf/M_Unlit.M_Unlit","49","0","70","6","0.000000","0","0"
"/SpeedTreeImporter/SpeedTree9/SpeedTreeBillboardMaster.SpeedTreeBillboardMaster","49","0","66","1","0.000000","0","0"
"/SpeedTreeImporter/SpeedTree9/SpeedTreeMaster.SpeedTreeMaster","49","0","92","1","0.000000","0","0"
"/Interchange/gltf/M_ClearCoat.M_ClearCoat","49","0","144","6","0.000000","0","0"
"/Interchange/gltf/M_Default.M_Default","49","0","144","6","0.000000","0","0"
"/Interchange/gltf/M_SpecularGlossiness.M_SpecularGlossiness","49","0","144","6","0.000000","0","0"
"/Interchange/gltf/M_Transmission.M_Transmission","49","0","50","2","0.000000","0","0"
"/Interchange/gltf/M_Sheen.M_Sheen","49","0","144","6","0.000000","0","0"
"","49","1","0","1","0.000000","78","0"
